Repository_Name,File_Path,Gherkin_Lint_Errors_Before,Gherkin_Lint_Errors_Before_nums,Cuke_Lint_Errors_Before,Cuke_Lint_Errors_Before_nums,BDD_Lint_Errors_Before,BDD_Lint_Errors_Before_nums,Gherkin_Lint_Errors_After,Gherkin_Lint_Errors_After_nums,Cuke_Lint_Errors_After,Cuke_Lint_Errors_After_nums,BDD_Lint_Errors_After,BDD_Lint_Errors_After_nums,Gherkin_Issues_Fixed,Cuke_Issues_Fixed
Novus-Engine-novuspack,github-global-search/Novus-Engine-novuspack/features/basic_ops/always_use_defer_for_cleanup.feature,"0     File names should be written in kebab-case e.g. ""always-use-defer-for-cleanup.feature""                  file-name
4     Wrong indentation for ""scenario tag"", expected indentation level of 0, but got 2                        indentation
5     Wrong indentation for ""Scenario"", expected indentation level of 0, but got 2                            indentation
6     Wrong indentation for ""Step"", expected indentation level of 2, but got 4                                indentation
7     Wrong indentation for ""Step"", expected indentation level of 2, but got 4                                indentation
8     Wrong indentation for ""Step"", expected indentation level of 2, but got 4                                indentation
8     Scenario ""Defer statements ensure cleanup even when errors occur"" contains 2 When statements (max 1)    only-one-when
9     Wrong indentation for ""Step"", expected indentation level of 2, but got 4                                indentation
10    Wrong indentation for ""Step"", expected indentation level of 2, but got 4                                indentation
11    Wrong indentation for ""Step"", expected indentation level of 2, but got 4                                indentation
13    Wrong indentation for ""scenario tag"", expected indentation level of 0, but got 2                        indentation
14    Wrong indentation for ""Scenario"", expected indentation level of 0, but got 2                            indentation
15    Wrong indentation for ""Step"", expected indentation level of 2, but got 4                                indentation
16    Wrong indentation for ""Step"", expected indentation level of 2, but got 4                                indentation
17    Wrong indentation for ""Step"", expected indentation level of 2, but got 4                                indentation
18    Wrong indentation for ""Step"", expected indentation level of 2, but got 4                                indentation
19    Wrong indentation for ""Step"", expected indentation level of 2, but got 4                                indentation
21    Wrong indentation for ""scenario tag"", expected indentation level of 0, but got 2                        indentation
22    Wrong indentation for ""Scenario"", expected indentation level of 0, but got 2                            indentation
23    Wrong indentation for ""Step"", expected indentation level of 2, but got 4                                indentation
24    Wrong indentation for ""Step"", expected indentation level of 2, but got 4                                indentation
25    Wrong indentation for ""Step"", expected indentation level of 2, but got 4                                indentation
26    Wrong indentation for ""Step"", expected indentation level of 2, but got 4                                indentation
27    Wrong indentation for ""Step"", expected indentation level of 2, but got 4                                indentation
29    Wrong indentation for ""scenario tag"", expected indentation level of 0, but got 2                        indentation
30    Wrong indentation for ""Scenario"", expected indentation level of 0, but got 2                            indentation
31    Wrong indentation for ""Step"", expected indentation level of 2, but got 4                                indentation
32    Wrong indentation for ""Step"", expected indentation level of 2, but got 4                                indentation
33    Wrong indentation for ""Step"", expected indentation level of 2, but got 4                                indentation
34    Wrong indentation for ""Step"", expected indentation level of 2, but got 4                                indentation
35    Wrong indentation for ""Step"", expected indentation level of 2, but got 4                                indentation",31,"ElementWithCommonTagsLinter
  All tests in Feature have tag '@REQ-API_BASIC-079'. Move tag to Feature level.
    /home/vaishnavkoka/RE4BDD/UnifiedBDDLinter-Artifact/work/corpus/github-global-search/Novus-Engine-novuspack/features/basic_ops/always_use_defer_for_cleanup.feature:2
FeatureWithoutDescriptionLinter
  Feature has no description
    /home/vaishnavkoka/RE4BDD/UnifiedBDDLinter-Artifact/work/corpus/github-global-search/Novus-Engine-novuspack/features/basic_ops/always_use_defer_for_cleanup.feature:2
TestWithNoActionStepLinter
  Test does not have a 'When' step.
    /home/vaishnavkoka/RE4BDD/UnifiedBDDLinter-Artifact/work/corpus/github-global-search/Novus-Engine-novuspack/features/basic_ops/always_use_defer_for_cleanup.feature:30",3,"S004 L5: Line 5: Scenario should not be indented
S004 L6: Line 6: Expected indent 2, got 4
S004 L7: Line 7: Expected indent 2, got 4
S004 L8: Line 8: Expected indent 2, got 4
S004 L9: Line 9: Expected indent 2, got 4
S004 L10: Line 10: Expected indent 2, got 4
S004 L11: Line 11: Expected indent 2, got 4
S004 L14: Line 14: Scenario should not be indented
S004 L15: Line 15: Expected indent 2, got 4
S004 L16: Line 16: Expected indent 2, got 4
S004 L17: Line 17: Expected indent 2, got 4
S004 L18: Line 18: Expected indent 2, got 4
S004 L19: Line 19: Expected indent 2, got 4
S004 L22: Line 22: Scenario should not be indented
S004 L23: Line 23: Expected indent 2, got 4
S004 L24: Line 24: Expected indent 2, got 4
S004 L25: Line 25: Expected indent 2, got 4
S004 L26: Line 26: Expected indent 2, got 4
S004 L27: Line 27: Expected indent 2, got 4
S004 L30: Line 30: Scenario should not be indented
S004 L31: Line 31: Expected indent 2, got 4
S004 L32: Line 32: Expected indent 2, got 4
S004 L33: Line 33: Expected indent 2, got 4
S004 L34: Line 34: Expected indent 2, got 4
S004 L35: Line 35: Expected indent 2, got 4",25,"0    File names should be written in kebab-case e.g. ""always-use-defer-for-cleanup.feature""                  file-name
8    Scenario ""Defer statements ensure cleanup even when errors occur"" contains 2 When statements (max 1)    only-one-when",2,"ElementWithCommonTagsLinter
  All tests in Feature have tag '@REQ-API_BASIC-079'. Move tag to Feature level.
    /home/vaishnavkoka/RE4BDD/UnifiedBDDLinter-Artifact/artifacts/runs/full-2026-09-09/fixed/github-global-search/Novus-Engine-novuspack/features/basic_ops/always_use_defer_for_cleanup.feature:2
FeatureWithoutDescriptionLinter
  Feature has no description
    /home/vaishnavkoka/RE4BDD/UnifiedBDDLinter-Artifact/artifacts/runs/full-2026-09-09/fixed/github-global-search/Novus-Engine-novuspack/features/basic_ops/always_use_defer_for_cleanup.feature:2
TestWithNoActionStepLinter
  Test does not have a 'When' step.
    /home/vaishnavkoka/RE4BDD/UnifiedBDDLinter-Artifact/artifacts/runs/full-2026-09-09/fixed/github-global-search/Novus-Engine-novuspack/features/basic_ops/always_use_defer_for_cleanup.feature:30",3,,0,29,0
Novus-Engine-novuspack,github-global-search/Novus-Engine-novuspack/features/basic_ops/api_package_structure_subpackages.feature,"0     File names should be written in kebab-case e.g. ""api-package-structure-subpackages.feature""    file-name
4     Wrong indentation for ""scenario tag"", expected indentation level of 0, but got 2               indentation
5     Wrong indentation for ""Scenario"", expected indentation level of 0, but got 2                   indentation
6     Wrong indentation for ""Step"", expected indentation level of 2, but got 4                       indentation
7     Wrong indentation for ""Step"", expected indentation level of 2, but got 4                       indentation
8     Wrong indentation for ""Step"", expected indentation level of 2, but got 4                       indentation
9     Wrong indentation for ""Step"", expected indentation level of 2, but got 4                       indentation
10    Wrong indentation for ""Step"", expected indentation level of 2, but got 4                       indentation
11    Wrong indentation for ""Step"", expected indentation level of 2, but got 4                       indentation
12    Wrong indentation for ""Step"", expected indentation level of 2, but got 4                       indentation
14    Multiple empty lines are not allowed                                                           no-multiple-empty-lines",11,"FeatureFileWithMismatchedNameLinter
  Feature file name does not match feature name.
    /home/vaishnavkoka/RE4BDD/UnifiedBDDLinter-Artifact/work/corpus/github-global-search/Novus-Engine-novuspack/features/basic_ops/api_package_structure_subpackages.feature
FeatureWithoutDescriptionLinter
  Feature has no description
    /home/vaishnavkoka/RE4BDD/UnifiedBDDLinter-Artifact/work/corpus/github-global-search/Novus-Engine-novuspack/features/basic_ops/api_package_structure_subpackages.feature:2",2,"S004 L5: Line 5: Scenario should not be indented
S004 L6: Line 6: Expected indent 2, got 4
S004 L7: Line 7: Expected indent 2, got 4
S004 L8: Line 8: Expected indent 2, got 4
S004 L9: Line 9: Expected indent 2, got 4
S004 L10: Line 10: Expected indent 2, got 4
S004 L11: Line 11: Expected indent 2, got 4
S004 L12: Line 12: Expected indent 2, got 4",8,"0     File names should be written in kebab-case e.g. ""api-package-structure.feature""    file-name
14    Multiple empty lines are not allowed                                               no-multiple-empty-lines",2,"FeatureWithoutDescriptionLinter
  Feature has no description
    /home/vaishnavkoka/RE4BDD/UnifiedBDDLinter-Artifact/artifacts/runs/full-2026-09-09/fixed/github-global-search/Novus-Engine-novuspack/features/basic_ops/api_package_structure.feature:2",1,,0,9,1
Rotbarsch-NatLaRestTest,github-global-search/Rotbarsch-NatLaRestTest/NatLaRestTest.Demo/Features/BasicVariable.feature,"0     File names should be written in kebab-case e.g. ""basic-variable.feature""    file-name
4     Wrong indentation for ""Step"", expected indentation level of 2, but got 1    indentation
5     Wrong indentation for ""Step"", expected indentation level of 2, but got 1    indentation
6     Wrong indentation for ""Step"", expected indentation level of 2, but got 1    indentation
9     Wrong indentation for ""Step"", expected indentation level of 2, but got 1    indentation
14    Wrong indentation for ""Step"", expected indentation level of 2, but got 1    indentation
15    Wrong indentation for ""Step"", expected indentation level of 2, but got 1    indentation
22    Wrong indentation for ""Step"", expected indentation level of 2, but got 1    indentation
23    Wrong indentation for ""Step"", expected indentation level of 2, but got 1    indentation
23    New line at EOF(end of file) is required                                    new-line-at-eof",10,"FeatureFileWithInvalidNameLinter
  Feature files should be snake_cased.
    /home/vaishnavkoka/RE4BDD/UnifiedBDDLinter-Artifact/work/corpus/github-global-search/Rotbarsch-NatLaRestTest/NatLaRestTest.Demo/Features/BasicVariable.feature
FeatureFileWithMismatchedNameLinter
  Feature file name does not match feature name.
    /home/vaishnavkoka/RE4BDD/UnifiedBDDLinter-Artifact/work/corpus/github-global-search/Rotbarsch-NatLaRestTest/NatLaRestTest.Demo/Features/BasicVariable.feature
FeatureWithoutDescriptionLinter
  Feature has no description
    /home/vaishnavkoka/RE4BDD/UnifiedBDDLinter-Artifact/work/corpus/github-global-search/Rotbarsch-NatLaRestTest/NatLaRestTest.Demo/Features/BasicVariable.feature:1",3,"S005 L1: Invalid filename: BasicVariable.feature
S004 L4: Line 4: Expected indent 2, got 1
S004 L5: Line 5: Expected indent 2, got 1
S004 L6: Line 6: Expected indent 2, got 1
S004 L9: Line 9: Expected indent 2, got 1
S004 L14: Line 14: Expected indent 2, got 1
S004 L15: Line 15: Expected indent 2, got 1
S004 L22: Line 22: Expected indent 2, got 1
S003 L23: File does not end with newline
S004 L23: Line 23: Expected indent 2, got 1",10,"0    File names should be written in kebab-case e.g. ""basic-variables.feature""    file-name",1,"FeatureWithoutDescriptionLinter
  Feature has no description
    /home/vaishnavkoka/RE4BDD/UnifiedBDDLinter-Artifact/artifacts/runs/full-2026-09-09/fixed/github-global-search/Rotbarsch-NatLaRestTest/NatLaRestTest.Demo/Features/basic_variables.feature:1",1,,0,9,2
Rotbarsch-NatLaRestTest,github-global-search/Rotbarsch-NatLaRestTest/NatLaRestTest.Demo/Features/Bool.feature,"0    File names should be written in kebab-case e.g. ""bool.feature""              file-name
4    Wrong indentation for ""Step"", expected indentation level of 2, but got 1    indentation
5    Wrong indentation for ""Step"", expected indentation level of 2, but got 1    indentation
5    Scenario ""Basic functionality"" contains 2 When statements (max 1)           only-one-when
6    Trailing spaces are not allowed                                             no-trailing-spaces
7    Wrong indentation for ""Step"", expected indentation level of 2, but got 1    indentation
8    Wrong indentation for ""Step"", expected indentation level of 2, but got 1    indentation
8    New line at EOF(end of file) is required                                    new-line-at-eof",8,"FeatureFileWithInvalidNameLinter
  Feature files should be snake_cased.
    /home/vaishnavkoka/RE4BDD/UnifiedBDDLinter-Artifact/work/corpus/github-global-search/Rotbarsch-NatLaRestTest/NatLaRestTest.Demo/Features/Bool.feature
FeatureFileWithMismatchedNameLinter
  Feature file name does not match feature name.
    /home/vaishnavkoka/RE4BDD/UnifiedBDDLinter-Artifact/work/corpus/github-global-search/Rotbarsch-NatLaRestTest/NatLaRestTest.Demo/Features/Bool.feature
FeatureWithoutDescriptionLinter
  Feature has no description
    /home/vaishnavkoka/RE4BDD/UnifiedBDDLinter-Artifact/work/corpus/github-global-search/Rotbarsch-NatLaRestTest/NatLaRestTest.Demo/Features/Bool.feature:1",3,"S005 L1: Invalid filename: Bool.feature
S004 L4: Line 4: Expected indent 2, got 1
S004 L5: Line 5: Expected indent 2, got 1
S001 L6: Line 6 has trailing whitespace
S004 L7: Line 7: Expected indent 2, got 1
S003 L8: File does not end with newline
S004 L8: Line 8: Expected indent 2, got 1",7,"0    File names should be written in kebab-case e.g. ""bool-variables.feature""    file-name
5    Scenario ""Basic functionality"" contains 2 When statements (max 1)           only-one-when",2,"FeatureWithoutDescriptionLinter
  Feature has no description
    /home/vaishnavkoka/RE4BDD/UnifiedBDDLinter-Artifact/artifacts/runs/full-2026-09-09/fixed/github-global-search/Rotbarsch-NatLaRestTest/NatLaRestTest.Demo/Features/bool_variables.feature:1",1,,0,6,2
Sylius-Sylius,github-global-search/Sylius-Sylius/features/admin/addressing/managing_countries/adding_country.feature,"0     File names should be written in kebab-case e.g. ""adding-country.feature""            file-name
7     Wrong indentation for ""Background"", expected indentation level of 0, but got 4      indentation
8     Wrong indentation for ""Step"", expected indentation level of 2, but got 8            indentation
10    Wrong indentation for ""scenario tag"", expected indentation level of 0, but got 4    indentation
11    Wrong indentation for ""Scenario"", expected indentation level of 0, but got 4        indentation
12    Wrong indentation for ""Step"", expected indentation level of 2, but got 8            indentation
13    Wrong indentation for ""Step"", expected indentation level of 2, but got 8            indentation
13    Scenario ""Adding country"" contains 3 When statements (max 1)                        only-one-when
14    Wrong indentation for ""Step"", expected indentation level of 2, but got 8            indentation
15    Wrong indentation for ""Step"", expected indentation level of 2, but got 8            indentation
16    Wrong indentation for ""Step"", expected indentation level of 2, but got 8            indentation",11,"FeatureFileWithMismatchedNameLinter
  Feature file name does not match feature name.
    /home/vaishnavkoka/RE4BDD/UnifiedBDDLinter-Artifact/work/corpus/github-global-search/Sylius-Sylius/features/admin/addressing/managing_countries/adding_country.feature
SingleTestBackgroundLinter
  Background used with only one test
    /home/vaishnavkoka/RE4BDD/UnifiedBDDLinter-Artifact/work/corpus/github-global-search/Sylius-Sylius/features/admin/addressing/managing_countries/adding_country.feature:7",2,"S004 L7: Line 7: Background should not be indented
S004 L8: Line 8: Expected indent 2, got 8
S004 L11: Line 11: Scenario should not be indented
S004 L12: Line 12: Expected indent 2, got 8
S004 L13: Line 13: Expected indent 2, got 8
S004 L14: Line 14: Expected indent 2, got 8
S004 L15: Line 15: Expected indent 2, got 8
S004 L16: Line 16: Expected indent 2, got 8",8,"0     File names should be written in kebab-case e.g. ""adding-a-new-country.feature""    file-name
13    Scenario ""Adding country"" contains 3 When statements (max 1)                      only-one-when",2,"SingleTestBackgroundLinter
  Background used with only one test
    /home/vaishnavkoka/RE4BDD/UnifiedBDDLinter-Artifact/artifacts/runs/full-2026-09-09/fixed/github-global-search/Sylius-Sylius/features/admin/addressing/managing_countries/adding_a_new_country.feature:7",1,,0,9,1
Sylius-Sylius,github-global-search/Sylius-Sylius/features/admin/addressing/managing_countries/adding_country_with_provinces.feature,"0     File names should be written in kebab-case e.g. ""adding-country-with-provinces.feature""    file-name
7     Wrong indentation for ""Background"", expected indentation level of 0, but got 4             indentation
8     Wrong indentation for ""Step"", expected indentation level of 2, but got 8                   indentation
10    Wrong indentation for ""scenario tag"", expected indentation level of 0, but got 4           indentation
11    Wrong indentation for ""Scenario"", expected indentation level of 0, but got 4               indentation
12    Wrong indentation for ""Step"", expected indentation level of 2, but got 8                   indentation
13    Wrong indentation for ""Step"", expected indentation level of 2, but got 8                   indentation
13    Scenario ""Adding a country with a province"" contains 4 When statements (max 1)             only-one-when
14    Wrong indentation for ""Step"", expected indentation level of 2, but got 8                   indentation
15    Wrong indentation for ""Step"", expected indentation level of 2, but got 8                   indentation
16    Wrong indentation for ""Step"", expected indentation level of 2, but got 8                   indentation
17    Wrong indentation for ""Step"", expected indentation level of 2, but got 8                   indentation
18    Wrong indentation for ""Step"", expected indentation level of 2, but got 8                   indentation
20    Wrong indentation for ""scenario tag"", expected indentation level of 0, but got 4           indentation
21    Wrong indentation for ""Scenario"", expected indentation level of 0, but got 4               indentation
22    Wrong indentation for ""Step"", expected indentation level of 2, but got 8                   indentation
23    Wrong indentation for ""Step"", expected indentation level of 2, but got 8                   indentation
23    Scenario ""Adding a country with two provinces"" contains 5 When statements (max 1)          only-one-when
24    Wrong indentation for ""Step"", expected indentation level of 2, but got 8                   indentation
25    Wrong indentation for ""Step"", expected indentation level of 2, but got 8                   indentation
26    Wrong indentation for ""Step"", expected indentation level of 2, but got 8                   indentation
27    Wrong indentation for ""Step"", expected indentation level of 2, but got 8                   indentation
28    Wrong indentation for ""Step"", expected indentation level of 2, but got 8                   indentation
29    Wrong indentation for ""Step"", expected indentation level of 2, but got 8                   indentation
30    Wrong indentation for ""Step"", expected indentation level of 2, but got 8                   indentation",25,"FeatureFileWithMismatchedNameLinter
  Feature file name does not match feature name.
    /home/vaishnavkoka/RE4BDD/UnifiedBDDLinter-Artifact/work/corpus/github-global-search/Sylius-Sylius/features/admin/addressing/managing_countries/adding_country_with_provinces.feature
ElementWithCommonTagsLinter
  All tests in Feature have tag '@api'. Move tag to Feature level.
    /home/vaishnavkoka/RE4BDD/UnifiedBDDLinter-Artifact/work/corpus/github-global-search/Sylius-Sylius/features/admin/addressing/managing_countries/adding_country_with_provinces.feature:2
TestShouldUseBackgroundLinter
  Test shares steps with all other tests in feature. Use a background.
    /home/vaishnavkoka/RE4BDD/UnifiedBDDLinter-Artifact/work/corpus/github-global-search/Sylius-Sylius/features/admin/addressing/managing_countries/adding_country_with_provinces.feature:11
    /home/vaishnavkoka/RE4BDD/UnifiedBDDLinter-Artifact/work/corpus/github-global-search/Sylius-Sylius/features/admin/addressing/managing_countries/adding_country_with_provinces.feature:21
StepWithTooManyCharactersLinter
  Step is too long. 85 characters found (max 80)
    /home/vaishnavkoka/RE4BDD/UnifiedBDDLinter-Artifact/work/corpus/github-global-search/Sylius-Sylius/features/admin/addressing/managing_countries/adding_country_with_provinces.feature:25",5,"S004 L7: Line 7: Background should not be indented
S004 L8: Line 8: Expected indent 2, got 8
S004 L11: Line 11: Scenario should not be indented
S004 L12: Line 12: Expected indent 2, got 8
S004 L13: Line 13: Expected indent 2, got 8
S004 L14: Line 14: Expected indent 2, got 8
S004 L15: Line 15: Expected indent 2, got 8
S004 L16: Line 16: Expected indent 2, got 8
S004 L17: Line 17: Expected indent 2, got 8
S004 L18: Line 18: Expected indent 2, got 8
S004 L21: Line 21: Scenario should not be indented
S004 L22: Line 22: Expected indent 2, got 8
S004 L23: Line 23: Expected indent 2, got 8
S004 L24: Line 24: Expected indent 2, got 8
S004 L25: Line 25: Expected indent 2, got 8
S004 L26: Line 26: Expected indent 2, got 8
S004 L27: Line 27: Expected indent 2, got 8
S004 L28: Line 28: Expected indent 2, got 8
S004 L29: Line 29: Expected indent 2, got 8
S004 L30: Line 30: Expected indent 2, got 8",20,"0     File names should be written in kebab-case e.g. ""adding-countries-with-provinces.feature""    file-name
13    Scenario ""Adding a country with a province"" contains 4 When statements (max 1)               only-one-when
23    Scenario ""Adding a country with two provinces"" contains 5 When statements (max 1)            only-one-when",3,"ElementWithCommonTagsLinter
  All tests in Feature have tag '@api'. Move tag to Feature level.
    /home/vaishnavkoka/RE4BDD/UnifiedBDDLinter-Artifact/artifacts/runs/full-2026-09-09/fixed/github-global-search/Sylius-Sylius/features/admin/addressing/managing_countries/adding_countries_with_provinces.feature:2
TestShouldUseBackgroundLinter
  Test shares steps with all other tests in feature. Use a background.
    /home/vaishnavkoka/RE4BDD/UnifiedBDDLinter-Artifact/artifacts/runs/full-2026-09-09/fixed/github-global-search/Sylius-Sylius/features/admin/addressing/managing_countries/adding_countries_with_provinces.feature:11
    /home/vaishnavkoka/RE4BDD/UnifiedBDDLinter-Artifact/artifacts/runs/full-2026-09-09/fixed/github-global-search/Sylius-Sylius/features/admin/addressing/managing_countries/adding_countries_with_provinces.feature:21
StepWithTooManyCharactersLinter
  Step is too long. 85 characters found (max 80)
    /home/vaishnavkoka/RE4BDD/UnifiedBDDLinter-Artifact/artifacts/runs/full-2026-09-09/fixed/github-global-search/Sylius-Sylius/features/admin/addressing/managing_countries/adding_countries_with_provinces.feature:25",4,,0,22,1
cchitsiang-bdd,github-global-search/cchitsiang-bdd/sylius/features/account/customer_account/address_book/adding_address.feature,"0     File names should be written in kebab-case e.g. ""adding-address.feature""            file-name
7     Wrong indentation for ""Background"", expected indentation level of 0, but got 4      indentation
8     Wrong indentation for ""Step"", expected indentation level of 2, but got 8            indentation
9     Wrong indentation for ""Step"", expected indentation level of 2, but got 8            indentation
11    Wrong indentation for ""scenario tag"", expected indentation level of 0, but got 4    indentation
12    Wrong indentation for ""Scenario"", expected indentation level of 0, but got 4        indentation
13    Wrong indentation for ""Step"", expected indentation level of 2, but got 8            indentation
14    Wrong indentation for ""Step"", expected indentation level of 2, but got 8            indentation
14    Step name is too long. Length of 114 is longer than the maximum allowed: 100        name-length
14    Scenario ""Adding address to address book"" contains 3 When statements (max 1)        only-one-when
15    Wrong indentation for ""Step"", expected indentation level of 2, but got 8            indentation
16    Wrong indentation for ""Step"", expected indentation level of 2, but got 8            indentation
17    Wrong indentation for ""Step"", expected indentation level of 2, but got 8            indentation
17    Step name is too long. Length of 136 is longer than the maximum allowed: 100        name-length",14,"FeatureFileWithMismatchedNameLinter
  Feature file name does not match feature name.
    /home/vaishnavkoka/RE4BDD/UnifiedBDDLinter-Artifact/work/corpus/github-global-search/cchitsiang-bdd/sylius/features/account/customer_account/address_book/adding_address.feature
StepWithTooManyCharactersLinter
  Step is too long. 114 characters found (max 80)
    /home/vaishnavkoka/RE4BDD/UnifiedBDDLinter-Artifact/work/corpus/github-global-search/cchitsiang-bdd/sylius/features/account/customer_account/address_book/adding_address.feature:14
  Step is too long. 136 characters found (max 80)
    /home/vaishnavkoka/RE4BDD/UnifiedBDDLinter-Artifact/work/corpus/github-global-search/cchitsiang-bdd/sylius/features/account/customer_account/address_book/adding_address.feature:17
SingleTestBackgroundLinter
  Background used with only one test
    /home/vaishnavkoka/RE4BDD/UnifiedBDDLinter-Artifact/work/corpus/github-global-search/cchitsiang-bdd/sylius/features/account/customer_account/address_book/adding_address.feature:7",4,"S004 L7: Line 7: Background should not be indented
S004 L8: Line 8: Expected indent 2, got 8
S004 L9: Line 9: Expected indent 2, got 8
S004 L12: Line 12: Scenario should not be indented
S004 L13: Line 13: Expected indent 2, got 8
S004 L14: Line 14: Expected indent 2, got 8
S006 L14: Step too long (118 > 100)
S004 L15: Line 15: Expected indent 2, got 8
S004 L16: Line 16: Expected indent 2, got 8
S004 L17: Line 17: Expected indent 2, got 8
S006 L17: Step too long (140 > 100)",11,"0     File names should be written in kebab-case e.g. ""adding-a-new-address-to-the-book.feature""    file-name
14    Step name is too long. Length of 114 is longer than the maximum allowed: 100                  name-length
14    Scenario ""Adding address to address book"" contains 3 When statements (max 1)                  only-one-when
17    Step name is too long. Length of 136 is longer than the maximum allowed: 100                  name-length",4,"StepWithTooManyCharactersLinter
  Step is too long. 114 characters found (max 80)
    /home/vaishnavkoka/RE4BDD/UnifiedBDDLinter-Artifact/artifacts/runs/full-2026-09-09/fixed/github-global-search/cchitsiang-bdd/sylius/features/account/customer_account/address_book/adding_a_new_address_to_the_book.feature:14
  Step is too long. 136 characters found (max 80)
    /home/vaishnavkoka/RE4BDD/UnifiedBDDLinter-Artifact/artifacts/runs/full-2026-09-09/fixed/github-global-search/cchitsiang-bdd/sylius/features/account/customer_account/address_book/adding_a_new_address_to_the_book.feature:17
SingleTestBackgroundLinter
  Background used with only one test
    /home/vaishnavkoka/RE4BDD/UnifiedBDDLinter-Artifact/artifacts/runs/full-2026-09-09/fixed/github-global-search/cchitsiang-bdd/sylius/features/account/customer_account/address_book/adding_a_new_address_to_the_book.feature:7",3,"S006 L14: Step too long (118 > 100)
S006 L17: Step too long (140 > 100)",2,10,1
cchitsiang-bdd,github-global-search/cchitsiang-bdd/sylius/features/account/customer_account/address_book/adding_address_validation.feature,"0     File names should be written in kebab-case e.g. ""adding-address-validation.feature""                                                file-name
7     Wrong indentation for ""Background"", expected indentation level of 0, but got 4                                                     indentation
8     Wrong indentation for ""Step"", expected indentation level of 2, but got 8                                                           indentation
9     Wrong indentation for ""Step"", expected indentation level of 2, but got 8                                                           indentation
10    Wrong indentation for ""Step"", expected indentation level of 2, but got 8                                                           indentation
11    Wrong indentation for ""Step"", expected indentation level of 2, but got 8                                                           indentation
13    Wrong indentation for ""scenario tag"", expected indentation level of 0, but got 4                                                   indentation
14    Wrong indentation for ""Scenario"", expected indentation level of 0, but got 4                                                       indentation
15    Wrong indentation for ""Step"", expected indentation level of 2, but got 8                                                           indentation
16    Wrong indentation for ""Step"", expected indentation level of 2, but got 8                                                           indentation
16    Scenario ""Seeing validation errors when adding an empty address"" contains 3 When statements (max 1)                                only-one-when
17    Wrong indentation for ""Step"", expected indentation level of 2, but got 8                                                           indentation
18    Wrong indentation for ""Step"", expected indentation level of 2, but got 8                                                           indentation
19    Wrong indentation for ""Step"", expected indentation level of 2, but got 8                                                           indentation
21    Wrong indentation for ""scenario tag"", expected indentation level of 0, but got 4                                                   indentation
22    Wrong indentation for ""Scenario"", expected indentation level of 0, but got 4                                                       indentation
22    Scenario name is too long. Length of 81 is longer than the maximum allowed: 80                                                     name-length
23    Wrong indentation for ""Step"", expected indentation level of 2, but got 8                                                           indentation
24    Wrong indentation for ""Step"", expected indentation level of 2, but got 8                                                           indentation
24    Step name is too long. Length of 114 is longer than the maximum allowed: 100                                                       name-length
24    Scenario ""The province needs to be selected when the chosen country has at least one stated"" contains 5 When statements (max 1)    only-one-when
25    Wrong indentation for ""Step"", expected indentation level of 2, but got 8                                                           indentation
26    Wrong indentation for ""Step"", expected indentation level of 2, but got 8                                                           indentation
27    Wrong indentation for ""Step"", expected indentation level of 2, but got 8                                                           indentation
28    Wrong indentation for ""Step"", expected indentation level of 2, but got 8                                                           indentation
29    Wrong indentation for ""Step"", expected indentation level of 2, but got 8                                                           indentation",26,"FeatureFileWithMismatchedNameLinter
  Feature file name does not match feature name.
    /home/vaishnavkoka/RE4BDD/UnifiedBDDLinter-Artifact/work/corpus/github-global-search/cchitsiang-bdd/sylius/features/account/customer_account/address_book/adding_address_validation.feature
ElementWithCommonTagsLinter
  All tests in Feature have tag '@ui'. Move tag to Feature level.
    /home/vaishnavkoka/RE4BDD/UnifiedBDDLinter-Artifact/work/corpus/github-global-search/cchitsiang-bdd/sylius/features/account/customer_account/address_book/adding_address_validation.feature:2
TestShouldUseBackgroundLinter
  Test shares steps with all other tests in feature. Use a background.
    /home/vaishnavkoka/RE4BDD/UnifiedBDDLinter-Artifact/work/corpus/github-global-search/cchitsiang-bdd/sylius/features/account/customer_account/address_book/adding_address_validation.feature:14
    /home/vaishnavkoka/RE4BDD/UnifiedBDDLinter-Artifact/work/corpus/github-global-search/cchitsiang-bdd/sylius/features/account/customer_account/address_book/adding_address_validation.feature:22
StepWithTooManyCharactersLinter
  Step is too long. 114 characters found (max 80)
    /home/vaishnavkoka/RE4BDD/UnifiedBDDLinter-Artifact/work/corpus/github-global-search/cchitsiang-bdd/sylius/features/account/customer_account/address_book/adding_address_validation.feature:24",5,"S004 L7: Line 7: Background should not be indented
S004 L8: Line 8: Expected indent 2, got 8
S004 L9: Line 9: Expected indent 2, got 8
S004 L10: Line 10: Expected indent 2, got 8
S004 L11: Line 11: Expected indent 2, got 8
S004 L14: Line 14: Scenario should not be indented
S004 L15: Line 15: Expected indent 2, got 8
S004 L16: Line 16: Expected indent 2, got 8
S004 L17: Line 17: Expected indent 2, got 8
S004 L18: Line 18: Expected indent 2, got 8
S004 L19: Line 19: Expected indent 2, got 8
S004 L22: Line 22: Scenario should not be indented
S006 L22: Scenario name too long (81 > 80)
S004 L23: Line 23: Expected indent 2, got 8
S004 L24: Line 24: Expected indent 2, got 8
S006 L24: Step too long (118 > 100)
S004 L25: Line 25: Expected indent 2, got 8
S004 L26: Line 26: Expected indent 2, got 8
S004 L27: Line 27: Expected indent 2, got 8
S004 L28: Line 28: Expected indent 2, got 8
S004 L29: Line 29: Expected indent 2, got 8",21,"0     File names should be written in kebab-case e.g. ""seeing-validation-messages-during-address-addition.feature""                       file-name
16    Scenario ""Seeing validation errors when adding an empty address"" contains 3 When statements (max 1)                                only-one-when
22    Scenario name is too long. Length of 81 is longer than the maximum allowed: 80                                                     name-length
24    Step name is too long. Length of 114 is longer than the maximum allowed: 100                                                       name-length
24    Scenario ""The province needs to be selected when the chosen country has at least one stated"" contains 5 When statements (max 1)    only-one-when",5,"ElementWithCommonTagsLinter
  All tests in Feature have tag '@ui'. Move tag to Feature level.
    /home/vaishnavkoka/RE4BDD/UnifiedBDDLinter-Artifact/artifacts/runs/full-2026-09-09/fixed/github-global-search/cchitsiang-bdd/sylius/features/account/customer_account/address_book/seeing_validation_messages_during_address_addition.feature:2
TestShouldUseBackgroundLinter
  Test shares steps with all other tests in feature. Use a background.
    /home/vaishnavkoka/RE4BDD/UnifiedBDDLinter-Artifact/artifacts/runs/full-2026-09-09/fixed/github-global-search/cchitsiang-bdd/sylius/features/account/customer_account/address_book/seeing_validation_messages_during_address_addition.feature:14
    /home/vaishnavkoka/RE4BDD/UnifiedBDDLinter-Artifact/artifacts/runs/full-2026-09-09/fixed/github-global-search/cchitsiang-bdd/sylius/features/account/customer_account/address_book/seeing_validation_messages_during_address_addition.feature:22
StepWithTooManyCharactersLinter
  Step is too long. 114 characters found (max 80)
    /home/vaishnavkoka/RE4BDD/UnifiedBDDLinter-Artifact/artifacts/runs/full-2026-09-09/fixed/github-global-search/cchitsiang-bdd/sylius/features/account/customer_account/address_book/seeing_validation_messages_during_address_addition.feature:24",4,"S006 L22: Scenario name too long (81 > 80)
S006 L24: Step too long (118 > 100)",2,21,1
csu0077-project3_testing,github-global-search/csu0077-project3_testing/src/main/java/com/revature/test/admin/testclasses/AssociateList.feature,"0      File names should be written in kebab-case e.g. ""associate-list.feature""                                                                                                                                                       file-name
20     Multiple empty lines are not allowed                                                                                                                                                                                           no-multiple-empty-lines
23     Trailing spaces are not allowed                                                                                                                                                                                                no-trailing-spaces
24     Wrong indentation for ""Background"", expected indentation level of 0, but got 2                                                                                                                                                 indentation
24     Empty backgrounds are not allowed.                                                                                                                                                                                             no-empty-background
25     Trailing spaces are not allowed                                                                                                                                                                                                no-trailing-spaces
26     Wrong indentation for ""Scenario"", expected indentation level of 0, but got 4                                                                                                                                                   indentation
27     Wrong indentation for ""Step"", expected indentation level of 2, but got 4                                                                                                                                                       indentation
28     Wrong indentation for ""Step"", expected indentation level of 2, but got 4                                                                                                                                                       indentation
29     Wrong indentation for ""Step"", expected indentation level of 2, but got 4                                                                                                                                                       indentation
30     Wrong indentation for ""Step"", expected indentation level of 2, but got 4                                                                                                                                                       indentation
31     Wrong indentation for ""Step"", expected indentation level of 2, but got 4                                                                                                                                                       indentation
32     Trailing spaces are not allowed                                                                                                                                                                                                no-trailing-spaces
33     Wrong indentation for ""Scenario"", expected indentation level of 0, but got 4                                                                                                                                                   indentation
34     Wrong indentation for ""Step"", expected indentation level of 2, but got 4                                                                                                                                                       indentation
35     Wrong indentation for ""Step"", expected indentation level of 2, but got 4                                                                                                                                                       indentation
36     Wrong indentation for ""Step"", expected indentation level of 2, but got 4                                                                                                                                                       indentation
37     Wrong indentation for ""Step"", expected indentation level of 2, but got 4                                                                                                                                                       indentation
38     Wrong indentation for ""Step"", expected indentation level of 2, but got 4                                                                                                                                                       indentation
39     Trailing spaces are not allowed                                                                                                                                                                                                no-trailing-spaces
40     Wrong indentation for ""Scenario"", expected indentation level of 0, but got 4                                                                                                                                                   indentation
41     Wrong indentation for ""Step"", expected indentation level of 2, but got 4                                                                                                                                                       indentation
42     Wrong indentation for ""Step"", expected indentation level of 2, but got 4                                                                                                                                                       indentation
43     Wrong indentation for ""Step"", expected indentation level of 2, but got 4                                                                                                                                                       indentation
44     Wrong indentation for ""Step"", expected indentation level of 2, but got 4                                                                                                                                                       indentation
45     Wrong indentation for ""Step"", expected indentation level of 2, but got 4                                                                                                                                                       indentation
46     Trailing spaces are not allowed                                                                                                                                                                                                no-trailing-spaces
47     Wrong indentation for ""Scenario"", expected indentation level of 0, but got 4                                                                                                                                                   indentation
48     Wrong indentation for ""Step"", expected indentation level of 2, but got 4                                                                                                                                                       indentation
49     Wrong indentation for ""Step"", expected indentation level of 2, but got 4                                                                                                                                                       indentation
50     Wrong indentation for ""Step"", expected indentation level of 2, but got 4                                                                                                                                                       indentation
51     Wrong indentation for ""Step"", expected indentation level of 2, but got 4                                                                                                                                                       indentation
52     Wrong indentation for ""Step"", expected indentation level of 2, but got 4                                                                                                                                                       indentation
53     Trailing spaces are not allowed                                                                                                                                                                                                no-trailing-spaces
54     Wrong indentation for ""Scenario"", expected indentation level of 0, but got 4                                                                                                                                                   indentation
55     Wrong indentation for ""Step"", expected indentation level of 2, but got 4                                                                                                                                                       indentation
56     Wrong indentation for ""Step"", expected indentation level of 2, but got 4                                                                                                                                                       indentation
57     Wrong indentation for ""Step"", expected indentation level of 2, but got 4                                                                                                                                                       indentation
58     Wrong indentation for ""Step"", expected indentation level of 2, but got 4                                                                                                                                                       indentation
59     Wrong indentation for ""Step"", expected indentation level of 2, but got 4                                                                                                                                                       indentation
60     Trailing spaces are not allowed                                                                                                                                                                                                no-trailing-spaces
61     Wrong indentation for ""Scenario"", expected indentation level of 0, but got 4                                                                                                                                                   indentation
62     Wrong indentation for ""Step"", expected indentation level of 2, but got 4                                                                                                                                                       indentation
63     Wrong indentation for ""Step"", expected indentation level of 2, but got 4                                                                                                                                                       indentation
64     Wrong indentation for ""Step"", expected indentation level of 2, but got 4                                                                                                                                                       indentation
65     Wrong indentation for ""Step"", expected indentation level of 2, but got 4                                                                                                                                                       indentation
66     Wrong indentation for ""Step"", expected indentation level of 2, but got 4                                                                                                                                                       indentation
67     Trailing spaces are not allowed                                                                                                                                                                                                no-trailing-spaces
68     Wrong indentation for ""Scenario"", expected indentation level of 0, but got 4                                                                                                                                                   indentation
69     Wrong indentation for ""Step"", expected indentation level of 2, but got 4                                                                                                                                                       indentation
70     Wrong indentation for ""Step"", expected indentation level of 2, but got 4                                                                                                                                                       indentation
71     Wrong indentation for ""Step"", expected indentation level of 2, but got 4                                                                                                                                                       indentation
72     Wrong indentation for ""Step"", expected indentation level of 2, but got 4                                                                                                                                                       indentation
73     Trailing spaces are not allowed                                                                                                                                                                                                no-trailing-spaces
74     Wrong indentation for ""Scenario"", expected indentation level of 0, but got 3                                                                                                                                                   indentation
75     Wrong indentation for ""Step"", expected indentation level of 2, but got 3                                                                                                                                                       indentation
76     Wrong indentation for ""Step"", expected indentation level of 2, but got 4                                                                                                                                                       indentation
77     Wrong indentation for ""Step"", expected indentation level of 2, but got 3                                                                                                                                                       indentation
78     Wrong indentation for ""Step"", expected indentation level of 2, but got 3                                                                                                                                                       indentation
80     Wrong indentation for ""Scenario"", expected indentation level of 0, but got 4                                                                                                                                                   indentation
81     Wrong indentation for ""Step"", expected indentation level of 2, but got 4                                                                                                                                                       indentation
82     Wrong indentation for ""Step"", expected indentation level of 2, but got 4                                                                                                                                                       indentation
83     Wrong indentation for ""Step"", expected indentation level of 2, but got 4                                                                                                                                                       indentation
84     Wrong indentation for ""Step"", expected indentation level of 2, but got 4                                                                                                                                                       indentation
86     Wrong indentation for ""Scenario"", expected indentation level of 0, but got 4                                                                                                                                                   indentation
87     Wrong indentation for ""Step"", expected indentation level of 2, but got 4                                                                                                                                                       indentation
88     Wrong indentation for ""Step"", expected indentation level of 2, but got 4                                                                                                                                                       indentation
89     Wrong indentation for ""Step"", expected indentation level of 2, but got 4                                                                                                                                                       indentation
90     Wrong indentation for ""Step"", expected indentation level of 2, but got 4                                                                                                                                                       indentation
90     Scenario ""Edit associate status by marketing status and client"" contains 4 When statements (max 1)                                                                                                                             only-one-when
91     Wrong indentation for ""Step"", expected indentation level of 2, but got 4                                                                                                                                                       indentation
92     Wrong indentation for ""Step"", expected indentation level of 2, but got 4                                                                                                                                                       indentation
93     Wrong indentation for ""Step"", expected indentation level of 2, but got 4                                                                                                                                                       indentation
94     Trailing spaces are not allowed                                                                                                                                                                                                no-trailing-spaces
95     Wrong indentation for ""Scenario"", expected indentation level of 0, but got 4                                                                                                                                                   indentation
96     Wrong indentation for ""Step"", expected indentation level of 2, but got 3                                                                                                                                                       indentation
97     Wrong indentation for ""Step"", expected indentation level of 2, but got 4                                                                                                                                                       indentation
98     Wrong indentation for ""Step"", expected indentation level of 2, but got 3                                                                                                                                                       indentation
99     Wrong indentation for ""Step"", expected indentation level of 2, but got 3                                                                                                                                                       indentation
101    Wrong indentation for ""Scenario"", expected indentation level of 0, but got 3                                                                                                                                                   indentation
102    Wrong indentation for ""Step"", expected indentation level of 2, but got 3                                                                                                                                                       indentation
103    Wrong indentation for ""Step"", expected indentation level of 2, but got 4                                                                                                                                                       indentation
104    Wrong indentation for ""Step"", expected indentation level of 2, but got 3                                                                                                                                                       indentation
105    Wrong indentation for ""Step"", expected indentation level of 2, but got 3                                                                                                                                                       indentation
106    Trailing spaces are not allowed                                                                                                                                                                                                no-trailing-spaces
107    Wrong indentation for ""Scenario"", expected indentation level of 0, but got 4                                                                                                                                                   indentation
108    Wrong indentation for ""Step"", expected indentation level of 2, but got 3                                                                                                                                                       indentation
109    Wrong indentation for ""Step"", expected indentation level of 2, but got 4                                                                                                                                                       indentation
110    Wrong indentation for ""Step"", expected indentation level of 2, but got 3                                                                                                                                                       indentation
111    Wrong indentation for ""Step"", expected indentation level of 2, but got 3                                                                                                                                                       indentation
112    Trailing spaces are not allowed                                                                                                                                                                                                no-trailing-spaces
113    Wrong indentation for ""Scenario"", expected indentation level of 0, but got 3                                                                                                                                                   indentation
114    Wrong indentation for ""Step"", expected indentation level of 2, but got 3                                                                                                                                                       indentation
115    Wrong indentation for ""Step"", expected indentation level of 2, but got 4                                                                                                                                                       indentation
116    Wrong indentation for ""Step"", expected indentation level of 2, but got 3                                                                                                                                                       indentation
117    Wrong indentation for ""Step"", expected indentation level of 2, but got 3                                                                                                                                                       indentation
118    Trailing spaces are not allowed                                                                                                                                                                                                no-trailing-spaces
119    Wrong indentation for ""Scenario"", expected indentation level of 0, but got 3                                                                                                                                                   indentation
120    Wrong indentation for ""Step"", expected indentation level of 2, but got 3                                                                                                                                                       indentation
121    Wrong indentation for ""Step"", expected indentation level of 2, but got 4                                                                                                                                                       indentation
122    Wrong indentation for ""Step"", expected indentation level of 2, but got 3                                                                                                                                                       indentation
123    Wrong indentation for ""Step"", expected indentation level of 2, but got 3                                                                                                                                                       indentation
124    Trailing spaces are not allowed                                                                                                                                                                                                no-trailing-spaces
125    Wrong indentation for ""Scenario"", expected indentation level of 0, but got 3                                                                                                                                                   indentation
126    Wrong indentation for ""Step"", expected indentation level of 2, but got 3                                                                                                                                                       indentation
127    Wrong indentation for ""Step"", expected indentation level of 2, but got 4                                                                                                                                                       indentation
128    Wrong indentation for ""Step"", expected indentation level of 2, but got 3                                                                                                                                                       indentation
129    Wrong indentation for ""Step"", expected indentation level of 2, but got 3                                                                                                                                                       indentation
130    Trailing spaces are not allowed                                                                                                                                                                                                no-trailing-spaces
131    Wrong indentation for ""Scenario"", expected indentation level of 0, but got 3                                                                                                                                                   indentation
132    Wrong indentation for ""Step"", expected indentation level of 2, but got 3                                                                                                                                                       indentation
133    Wrong indentation for ""Step"", expected indentation level of 2, but got 4                                                                                                                                                       indentation
134    Wrong indentation for ""Step"", expected indentation level of 2, but got 3                                                                                                                                                       indentation
135    Wrong indentation for ""Step"", expected indentation level of 2, but got 3                                                                                                                                                       indentation
136    Trailing spaces are not allowed                                                                                                                                                                                                no-trailing-spaces
137    Wrong indentation for ""Scenario"", expected indentation level of 0, but got 3                                                                                                                                                   indentation
138    Wrong indentation for ""Step"", expected indentation level of 2, but got 3                                                                                                                                                       indentation
139    Wrong indentation for ""Step"", expected indentation level of 2, but got 4                                                                                                                                                       indentation
140    Wrong indentation for ""Step"", expected indentation level of 2, but got 3                                                                                                                                                       indentation
141    Wrong indentation for ""Step"", expected indentation level of 2, but got 3                                                                                                                                                       indentation
142    Trailing spaces are not allowed                                                                                                                                                                                                no-trailing-spaces
143    Wrong indentation for ""Scenario"", expected indentation level of 0, but got 3                                                                                                                                                   indentation
144    Wrong indentation for ""Step"", expected indentation level of 2, but got 3                                                                                                                                                       indentation
145    Wrong indentation for ""Step"", expected indentation level of 2, but got 4                                                                                                                                                       indentation
146    Wrong indentation for ""Step"", expected indentation level of 2, but got 3                                                                                                                                                       indentation
147    Wrong indentation for ""Step"", expected indentation level of 2, but got 3                                                                                                                                                       indentation
148    Trailing spaces are not allowed                                                                                                                                                                                                no-trailing-spaces
149    Wrong indentation for ""Scenario"", expected indentation level of 0, but got 3                                                                                                                                                   indentation
150    Wrong indentation for ""Step"", expected indentation level of 2, but got 3                                                                                                                                                       indentation
151    Wrong indentation for ""Step"", expected indentation level of 2, but got 4                                                                                                                                                       indentation
152    Wrong indentation for ""Step"", expected indentation level of 2, but got 3                                                                                                                                                       indentation
153    Wrong indentation for ""Step"", expected indentation level of 2, but got 3                                                                                                                                                       indentation
154    Trailing spaces are not allowed                                                                                                                                                                                                no-trailing-spaces
155    Wrong indentation for ""Scenario"", expected indentation level of 0, but got 3                                                                                                                                                   indentation
156    Wrong indentation for ""Step"", expected indentation level of 2, but got 3                                                                                                                                                       indentation
157    Wrong indentation for ""Step"", expected indentation level of 2, but got 4                                                                                                                                                       indentation
158    Wrong indentation for ""Step"", expected indentation level of 2, but got 3                                                                                                                                                       indentation
159    Wrong indentation for ""Step"", expected indentation level of 2, but got 3                                                                                                                                                       indentation
160    Trailing spaces are not allowed                                                                                                                                                                                                no-trailing-spaces
161    Wrong indentation for ""Scenario"", expected indentation level of 0, but got 3                                                                                                                                                   indentation
162    Wrong indentation for ""Step"", expected indentation level of 2, but got 3                                                                                                                                                       indentation
163    Wrong indentation for ""Step"", expected indentation level of 2, but got 4                                                                                                                                                       indentation
164    Wrong indentation for ""Step"", expected indentation level of 2, but got 3                                                                                                                                                       indentation
165    Wrong indentation for ""Step"", expected indentation level of 2, but got 3                                                                                                                                                       indentation
166    Trailing spaces are not allowed                                                                                                                                                                                                no-trailing-spaces
167    Wrong indentation for ""Scenario"", expected indentation level of 0, but got 3                                                                                                                                                   indentation
167    Scenario name is already used in: /home/vaishnavkoka/RE4BDD/UnifiedBDDLinter-Artifact/work/corpus/github-global-search/csu0077-project3_testing/src/main/java/com/revature/test/admin/testclasses/AssociateList.feature:161    no-dupe-scenario-names
168    Wrong indentation for ""Step"", expected indentation level of 2, but got 3                                                                                                                                                       indentation
169    Wrong indentation for ""Step"", expected indentation level of 2, but got 4                                                                                                                                                       indentation
170    Wrong indentation for ""Step"", expected indentation level of 2, but got 3                                                                                                                                                       indentation
171    Wrong indentation for ""Step"", expected indentation level of 2, but got 3                                                                                                                                                       indentation
172    New line at EOF(end of file) is required                                                                                                                                                                                       new-line-at-eof
172    Trailing spaces are not allowed                                                                                                                                                                                                no-trailing-spaces",153,"FeatureFileWithInvalidNameLinter
  Feature files should be snake_cased.
    /home/vaishnavkoka/RE4BDD/UnifiedBDDLinter-Artifact/work/corpus/github-global-search/csu0077-project3_testing/src/main/java/com/revature/test/admin/testclasses/AssociateList.feature
FeatureFileWithMismatchedNameLinter
  Feature file name does not match feature name.
    /home/vaishnavkoka/RE4BDD/UnifiedBDDLinter-Artifact/work/corpus/github-global-search/csu0077-project3_testing/src/main/java/com/revature/test/admin/testclasses/AssociateList.feature
TestShouldUseBackgroundLinter
  Test shares steps with all other tests in feature. Use a background.
    /home/vaishnavkoka/RE4BDD/UnifiedBDDLinter-Artifact/work/corpus/github-global-search/csu0077-project3_testing/src/main/java/com/revature/test/admin/testclasses/AssociateList.feature:26
    /home/vaishnavkoka/RE4BDD/UnifiedBDDLinter-Artifact/work/corpus/github-global-search/csu0077-project3_testing/src/main/java/com/revature/test/admin/testclasses/AssociateList.feature:33
    /home/vaishnavkoka/RE4BDD/UnifiedBDDLinter-Artifact/work/corpus/github-global-search/csu0077-project3_testing/src/main/java/com/revature/test/admin/testclasses/AssociateList.feature:40
    /home/vaishnavkoka/RE4BDD/UnifiedBDDLinter-Artifact/work/corpus/github-global-search/csu0077-project3_testing/src/main/java/com/revature/test/admin/testclasses/AssociateList.feature:47
    /home/vaishnavkoka/RE4BDD/UnifiedBDDLinter-Artifact/work/corpus/github-global-search/csu0077-project3_testing/src/main/java/com/revature/test/admin/testclasses/AssociateList.feature:54
    /home/vaishnavkoka/RE4BDD/UnifiedBDDLinter-Artifact/work/corpus/github-global-search/csu0077-project3_testing/src/main/java/com/revature/test/admin/testclasses/AssociateList.feature:61
    /home/vaishnavkoka/RE4BDD/UnifiedBDDLinter-Artifact/work/corpus/github-global-search/csu0077-project3_testing/src/main/java/com/revature/test/admin/testclasses/AssociateList.feature:68
    /home/vaishnavkoka/RE4BDD/UnifiedBDDLinter-Artifact/work/corpus/github-global-search/csu0077-project3_testing/src/main/java/com/revature/test/admin/testclasses/AssociateList.feature:74
    /home/vaishnavkoka/RE4BDD/UnifiedBDDLinter-Artifact/work/corpus/github-global-search/csu0077-project3_testing/src/main/java/com/revature/test/admin/testclasses/AssociateList.feature:80
    /home/vaishnavkoka/RE4BDD/UnifiedBDDLinter-Artifact/work/corpus/github-global-search/csu0077-project3_testing/src/main/java/com/revature/test/admin/testclasses/AssociateList.feature:86
    /home/vaishnavkoka/RE4BDD/UnifiedBDDLinter-Artifact/work/corpus/github-global-search/csu0077-project3_testing/src/main/java/com/revature/test/admin/testclasses/AssociateList.feature:95
    /home/vaishnavkoka/RE4BDD/UnifiedBDDLinter-Artifact/work/corpus/github-global-search/csu0077-project3_testing/src/main/java/com/revature/test/admin/testclasses/AssociateList.feature:101
    /home/vaishnavkoka/RE4BDD/UnifiedBDDLinter-Artifact/work/corpus/github-global-search/csu0077-project3_testing/src/main/java/com/revature/test/admin/testclasses/AssociateList.feature:107
    /home/vaishnavkoka/RE4BDD/UnifiedBDDLinter-Artifact/work/corpus/github-global-search/csu0077-project3_testing/src/main/java/com/revature/test/admin/testclasses/AssociateList.feature:113
    /home/vaishnavkoka/RE4BDD/UnifiedBDDLinter-Artifact/work/corpus/github-global-search/csu0077-project3_testing/src/main/java/com/revature/test/admin/testclasses/AssociateList.feature:119
    /home/vaishnavkoka/RE4BDD/UnifiedBDDLinter-Artifact/work/corpus/github-global-search/csu0077-project3_testing/src/main/java/com/revature/test/admin/testclasses/AssociateList.feature:125
    /home/vaishnavkoka/RE4BDD/UnifiedBDDLinter-Artifact/work/corpus/github-global-search/csu0077-project3_testing/src/main/java/com/revature/test/admin/testclasses/AssociateList.feature:131
    /home/vaishnavkoka/RE4BDD/UnifiedBDDLinter-Artifact/work/corpus/github-global-search/csu0077-project3_testing/src/main/java/com/revature/test/admin/testclasses/AssociateList.feature:137
    /home/vaishnavkoka/RE4BDD/UnifiedBDDLinter-Artifact/work/corpus/github-global-search/csu0077-project3_testing/src/main/java/com/revature/test/admin/testclasses/AssociateList.feature:143
    /home/vaishnavkoka/RE4BDD/UnifiedBDDLinter-Artifact/work/corpus/github-global-search/csu0077-project3_testing/src/main/java/com/revature/test/admin/testclasses/AssociateList.feature:149
    /home/vaishnavkoka/RE4BDD/UnifiedBDDLinter-Artifact/work/corpus/github-global-search/csu0077-project3_testing/src/main/java/com/revature/test/admin/testclasses/AssociateList.feature:155
    /home/vaishnavkoka/RE4BDD/UnifiedBDDLinter-Artifact/work/corpus/github-global-search/csu0077-project3_testing/src/main/java/com/revature/test/admin/testclasses/AssociateList.feature:161
    /home/vaishnavkoka/RE4BDD/UnifiedBDDLinter-Artifact/work/corpus/github-global-search/csu0077-project3_testing/src/main/java/com/revature/test/admin/testclasses/AssociateList.feature:167
StepWithTooManyCharactersLinter
  Step is too long. 89 characters found (max 80)
    /home/vaishnavkoka/RE4BDD/UnifiedBDDLinter-Artifact/work/corpus/github-global-search/csu0077-project3_testing/src/main/java/com/revature/test/admin/testclasses/AssociateList.feature:90",26,"S005 L1: Invalid filename: AssociateList.feature
S002 L20: Multiple empty lines at 20
S001 L23: Line 23 has trailing whitespace
S004 L24: Line 24: Background should not be indented
S001 L25: Line 25 has trailing whitespace
S004 L27: Line 27: Expected indent 2, got 4
S004 L28: Line 28: Expected indent 2, got 4
S004 L29: Line 29: Expected indent 2, got 4
S004 L30: Line 30: Expected indent 2, got 4
S004 L31: Line 31: Expected indent 2, got 4
S001 L32: Line 32 has trailing whitespace
S004 L34: Line 34: Expected indent 2, got 4
S004 L35: Line 35: Expected indent 2, got 4
S004 L36: Line 36: Expected indent 2, got 4
S004 L37: Line 37: Expected indent 2, got 4
S004 L38: Line 38: Expected indent 2, got 4
S001 L39: Line 39 has trailing whitespace
S004 L41: Line 41: Expected indent 2, got 4
S004 L42: Line 42: Expected indent 2, got 4
S004 L43: Line 43: Expected indent 2, got 4
S004 L44: Line 44: Expected indent 2, got 4
S004 L45: Line 45: Expected indent 2, got 4
S001 L46: Line 46 has trailing whitespace
S004 L48: Line 48: Expected indent 2, got 4
S004 L49: Line 49: Expected indent 2, got 4
S004 L50: Line 50: Expected indent 2, got 4
S004 L51: Line 51: Expected indent 2, got 4
S004 L52: Line 52: Expected indent 2, got 4
S001 L53: Line 53 has trailing whitespace
S004 L55: Line 55: Expected indent 2, got 4
S004 L56: Line 56: Expected indent 2, got 4
S004 L57: Line 57: Expected indent 2, got 4
S004 L58: Line 58: Expected indent 2, got 4
S004 L59: Line 59: Expected indent 2, got 4
S001 L60: Line 60 has trailing whitespace
S004 L62: Line 62: Expected indent 2, got 4
S004 L63: Line 63: Expected indent 2, got 4
S004 L64: Line 64: Expected indent 2, got 4
S004 L65: Line 65: Expected indent 2, got 4
S004 L66: Line 66: Expected indent 2, got 4
S001 L67: Line 67 has trailing whitespace
S004 L69: Line 69: Expected indent 2, got 4
S004 L70: Line 70: Expected indent 2, got 4
S004 L71: Line 71: Expected indent 2, got 4
S004 L72: Line 72: Expected indent 2, got 4
S001 L73: Line 73 has trailing whitespace
S004 L75: Line 75: Expected indent 2, got 3
S004 L76: Line 76: Expected indent 2, got 4
S004 L77: Line 77: Expected indent 2, got 3
S004 L78: Line 78: Expected indent 2, got 3
S004 L81: Line 81: Expected indent 2, got 4
S004 L82: Line 82: Expected indent 2, got 4
S004 L83: Line 83: Expected indent 2, got 4
S004 L84: Line 84: Expected indent 2, got 4
S004 L87: Line 87: Expected indent 2, got 4
S004 L88: Line 88: Expected indent 2, got 4
S004 L89: Line 89: Expected indent 2, got 4
S004 L90: Line 90: Expected indent 2, got 4
S004 L91: Line 91: Expected indent 2, got 4
S004 L92: Line 92: Expected indent 2, got 4
S004 L93: Line 93: Expected indent 2, got 4
S001 L94: Line 94 has trailing whitespace
S004 L96: Line 96: Expected indent 2, got 3
S004 L97: Line 97: Expected indent 2, got 4
S004 L98: Line 98: Expected indent 2, got 3
S004 L99: Line 99: Expected indent 2, got 3
S004 L102: Line 102: Expected indent 2, got 3
S004 L103: Line 103: Expected indent 2, got 4
S004 L104: Line 104: Expected indent 2, got 3
S004 L105: Line 105: Expected indent 2, got 3
S001 L106: Line 106 has trailing whitespace
S004 L108: Line 108: Expected indent 2, got 3
S004 L109: Line 109: Expected indent 2, got 4
S004 L110: Line 110: Expected indent 2, got 3
S004 L111: Line 111: Expected indent 2, got 3
S001 L112: Line 112 has trailing whitespace
S004 L114: Line 114: Expected indent 2, got 3
S004 L115: Line 115: Expected indent 2, got 4
S004 L116: Line 116: Expected indent 2, got 3
S004 L117: Line 117: Expected indent 2, got 3
S001 L118: Line 118 has trailing whitespace
S004 L120: Line 120: Expected indent 2, got 3
S004 L121: Line 121: Expected indent 2, got 4
S004 L122: Line 122: Expected indent 2, got 3
S004 L123: Line 123: Expected indent 2, got 3
S001 L124: Line 124 has trailing whitespace
S004 L126: Line 126: Expected indent 2, got 3
S004 L127: Line 127: Expected indent 2, got 4
S004 L128: Line 128: Expected indent 2, got 3
S004 L129: Line 129: Expected indent 2, got 3
S001 L130: Line 130 has trailing whitespace
S006 L131: Scenario name too long (81 > 80)
S004 L132: Line 132: Expected indent 2, got 3
S004 L133: Line 133: Expected indent 2, got 4
S004 L134: Line 134: Expected indent 2, got 3
S004 L135: Line 135: Expected indent 2, got 3
S001 L136: Line 136 has trailing whitespace
S006 L137: Scenario name too long (82 > 80)
S004 L138: Line 138: Expected indent 2, got 3
S004 L139: Line 139: Expected indent 2, got 4
S004 L140: Line 140: Expected indent 2, got 3
S004 L141: Line 141: Expected indent 2, got 3
S001 L142: Line 142 has trailing whitespace
S004 L144: Line 144: Expected indent 2, got 3
S004 L145: Line 145: Expected indent 2, got 4
S004 L146: Line 146: Expected indent 2, got 3
S004 L147: Line 147: Expected indent 2, got 3
S001 L148: Line 148 has trailing whitespace
S004 L150: Line 150: Expected indent 2, got 3
S004 L151: Line 151: Expected indent 2, got 4
S004 L152: Line 152: Expected indent 2, got 3
S004 L153: Line 153: Expected indent 2, got 3
S001 L154: Line 154 has trailing whitespace
S004 L156: Line 156: Expected indent 2, got 3
S004 L157: Line 157: Expected indent 2, got 4
S004 L158: Line 158: Expected indent 2, got 3
S004 L159: Line 159: Expected indent 2, got 3
S001 L160: Line 160 has trailing whitespace
S004 L162: Line 162: Expected indent 2, got 3
S004 L163: Line 163: Expected indent 2, got 4
S004 L164: Line 164: Expected indent 2, got 3
S004 L165: Line 165: Expected indent 2, got 3
S001 L166: Line 166 has trailing whitespace
ST006 L167: Scenario ""Scenario Outline: Sort the associate table by batch name in descending order"" is duplicated (line 161)
S004 L168: Line 168: Expected indent 2, got 3
S004 L169: Line 169: Expected indent 2, got 4
S004 L170: Line 170: Expected indent 2, got 3
S004 L171: Line 171: Expected indent 2, got 3
S001 L172: Line 172 has trailing whitespace
S003 L172: File does not end with newline",130,"0      File names should be written in kebab-case e.g. ""title-of-your-feature.feature""                                                                                                                                                                                 file-name
23     Empty backgrounds are not allowed.                                                                                                                                                                                                                              no-empty-background
89     Scenario ""Edit associate status by marketing status and client"" contains 4 When statements (max 1)                                                                                                                                                              only-one-when
166    Scenario name is already used in: /home/vaishnavkoka/RE4BDD/UnifiedBDDLinter-Artifact/artifacts/runs/full-2026-09-09/fixed/github-global-search/csu0077-project3_testing/src/main/java/com/revature/test/admin/testclasses/title_of_your_feature.feature:160    no-dupe-scenario-names",4,"TestShouldUseBackgroundLinter
  Test shares steps with all other tests in feature. Use a background.
    /home/vaishnavkoka/RE4BDD/UnifiedBDDLinter-Artifact/artifacts/runs/full-2026-09-09/fixed/github-global-search/csu0077-project3_testing/src/main/java/com/revature/test/admin/testclasses/title_of_your_feature.feature:25
    /home/vaishnavkoka/RE4BDD/UnifiedBDDLinter-Artifact/artifacts/runs/full-2026-09-09/fixed/github-global-search/csu0077-project3_testing/src/main/java/com/revature/test/admin/testclasses/title_of_your_feature.feature:32
    /home/vaishnavkoka/RE4BDD/UnifiedBDDLinter-Artifact/artifacts/runs/full-2026-09-09/fixed/github-global-search/csu0077-project3_testing/src/main/java/com/revature/test/admin/testclasses/title_of_your_feature.feature:39
    /home/vaishnavkoka/RE4BDD/UnifiedBDDLinter-Artifact/artifacts/runs/full-2026-09-09/fixed/github-global-search/csu0077-project3_testing/src/main/java/com/revature/test/admin/testclasses/title_of_your_feature.feature:46
    /home/vaishnavkoka/RE4BDD/UnifiedBDDLinter-Artifact/artifacts/runs/full-2026-09-09/fixed/github-global-search/csu0077-project3_testing/src/main/java/com/revature/test/admin/testclasses/title_of_your_feature.feature:53
    /home/vaishnavkoka/RE4BDD/UnifiedBDDLinter-Artifact/artifacts/runs/full-2026-09-09/fixed/github-global-search/csu0077-project3_testing/src/main/java/com/revature/test/admin/testclasses/title_of_your_feature.feature:60
    /home/vaishnavkoka/RE4BDD/UnifiedBDDLinter-Artifact/artifacts/runs/full-2026-09-09/fixed/github-global-search/csu0077-project3_testing/src/main/java/com/revature/test/admin/testclasses/title_of_your_feature.feature:67
    /home/vaishnavkoka/RE4BDD/UnifiedBDDLinter-Artifact/artifacts/runs/full-2026-09-09/fixed/github-global-search/csu0077-project3_testing/src/main/java/com/revature/test/admin/testclasses/title_of_your_feature.feature:73
    /home/vaishnavkoka/RE4BDD/UnifiedBDDLinter-Artifact/artifacts/runs/full-2026-09-09/fixed/github-global-search/csu0077-project3_testing/src/main/java/com/revature/test/admin/testclasses/title_of_your_feature.feature:79
    /home/vaishnavkoka/RE4BDD/UnifiedBDDLinter-Artifact/artifacts/runs/full-2026-09-09/fixed/github-global-search/csu0077-project3_testing/src/main/java/com/revature/test/admin/testclasses/title_of_your_feature.feature:85
    /home/vaishnavkoka/RE4BDD/UnifiedBDDLinter-Artifact/artifacts/runs/full-2026-09-09/fixed/github-global-search/csu0077-project3_testing/src/main/java/com/revature/test/admin/testclasses/title_of_your_feature.feature:94
    /home/vaishnavkoka/RE4BDD/UnifiedBDDLinter-Artifact/artifacts/runs/full-2026-09-09/fixed/github-global-search/csu0077-project3_testing/src/main/java/com/revature/test/admin/testclasses/title_of_your_feature.feature:100
    /home/vaishnavkoka/RE4BDD/UnifiedBDDLinter-Artifact/artifacts/runs/full-2026-09-09/fixed/github-global-search/csu0077-project3_testing/src/main/java/com/revature/test/admin/testclasses/title_of_your_feature.feature:106
    /home/vaishnavkoka/RE4BDD/UnifiedBDDLinter-Artifact/artifacts/runs/full-2026-09-09/fixed/github-global-search/csu0077-project3_testing/src/main/java/com/revature/test/admin/testclasses/title_of_your_feature.feature:112
    /home/vaishnavkoka/RE4BDD/UnifiedBDDLinter-Artifact/artifacts/runs/full-2026-09-09/fixed/github-global-search/csu0077-project3_testing/src/main/java/com/revature/test/admin/testclasses/title_of_your_feature.feature:118
    /home/vaishnavkoka/RE4BDD/UnifiedBDDLinter-Artifact/artifacts/runs/full-2026-09-09/fixed/github-global-search/csu0077-project3_testing/src/main/java/com/revature/test/admin/testclasses/title_of_your_feature.feature:124
    /home/vaishnavkoka/RE4BDD/UnifiedBDDLinter-Artifact/artifacts/runs/full-2026-09-09/fixed/github-global-search/csu0077-project3_testing/src/main/java/com/revature/test/admin/testclasses/title_of_your_feature.feature:130
    /home/vaishnavkoka/RE4BDD/UnifiedBDDLinter-Artifact/artifacts/runs/full-2026-09-09/fixed/github-global-search/csu0077-project3_testing/src/main/java/com/revature/test/admin/testclasses/title_of_your_feature.feature:136
    /home/vaishnavkoka/RE4BDD/UnifiedBDDLinter-Artifact/artifacts/runs/full-2026-09-09/fixed/github-global-search/csu0077-project3_testing/src/main/java/com/revature/test/admin/testclasses/title_of_your_feature.feature:142
    /home/vaishnavkoka/RE4BDD/UnifiedBDDLinter-Artifact/artifacts/runs/full-2026-09-09/fixed/github-global-search/csu0077-project3_testing/src/main/java/com/revature/test/admin/testclasses/title_of_your_feature.feature:148
    /home/vaishnavkoka/RE4BDD/UnifiedBDDLinter-Artifact/artifacts/runs/full-2026-09-09/fixed/github-global-search/csu0077-project3_testing/src/main/java/com/revature/test/admin/testclasses/title_of_your_feature.feature:154
    /home/vaishnavkoka/RE4BDD/UnifiedBDDLinter-Artifact/artifacts/runs/full-2026-09-09/fixed/github-global-search/csu0077-project3_testing/src/main/java/com/revature/test/admin/testclasses/title_of_your_feature.feature:160
    /home/vaishnavkoka/RE4BDD/UnifiedBDDLinter-Artifact/artifacts/runs/full-2026-09-09/fixed/github-global-search/csu0077-project3_testing/src/main/java/com/revature/test/admin/testclasses/title_of_your_feature.feature:166
StepWithTooManyCharactersLinter
  Step is too long. 89 characters found (max 80)
    /home/vaishnavkoka/RE4BDD/UnifiedBDDLinter-Artifact/artifacts/runs/full-2026-09-09/fixed/github-global-search/csu0077-project3_testing/src/main/java/com/revature/test/admin/testclasses/title_of_your_feature.feature:89",24,"S006 L130: Scenario name too long (81 > 80)
S006 L136: Scenario name too long (82 > 80)
ST006 L166: Scenario ""Scenario Outline: Sort the associate table by batch name in descending order"" is duplicated (line 160)",3,149,2
csu0077-project3_testing,github-global-search/csu0077-project3_testing/src/main/java/com/revature/test/admin/testclasses/BatchList.feature,"0     File names should be written in kebab-case e.g. ""batch-list.feature""                file-name
22    Wrong indentation for ""scenario tag"", expected indentation level of 0, but got 2    indentation
23    Wrong indentation for ""Scenario"", expected indentation level of 0, but got 2        indentation
24    Wrong indentation for ""Step"", expected indentation level of 2, but got 4            indentation
25    Wrong indentation for ""Step"", expected indentation level of 2, but got 4            indentation
27    Wrong indentation for ""scenario tag"", expected indentation level of 0, but got 1    indentation
28    Wrong indentation for ""Scenario"", expected indentation level of 0, but got 1        indentation
33    Trailing spaces are not allowed                                                     no-trailing-spaces
34    Wrong indentation for ""scenario tag"", expected indentation level of 0, but got 1    indentation
35    Wrong indentation for ""Scenario"", expected indentation level of 0, but got 1        indentation
36    Wrong indentation for ""Step"", expected indentation level of 2, but got 1            indentation
41    Wrong indentation for ""scenario tag"", expected indentation level of 0, but got 1    indentation
42    Wrong indentation for ""Scenario"", expected indentation level of 0, but got 1        indentation
43    Wrong indentation for ""Step"", expected indentation level of 2, but got 1            indentation
46    Trailing spaces are not allowed                                                     no-trailing-spaces
47    Trailing spaces are not allowed                                                     no-trailing-spaces
48    Wrong indentation for ""scenario tag"", expected indentation level of 0, but got 1    indentation
49    Wrong indentation for ""Scenario"", expected indentation level of 0, but got 1        indentation
50    Wrong indentation for ""Step"", expected indentation level of 2, but got 1            indentation
53    Trailing spaces are not allowed                                                     no-trailing-spaces
54    Trailing spaces are not allowed                                                     no-trailing-spaces
55    Wrong indentation for ""scenario tag"", expected indentation level of 0, but got 1    indentation
56    Wrong indentation for ""Scenario"", expected indentation level of 0, but got 1        indentation
57    Wrong indentation for ""Step"", expected indentation level of 2, but got 1            indentation
60    Trailing spaces are not allowed                                                     no-trailing-spaces",25,"FeatureFileWithInvalidNameLinter
  Feature files should be snake_cased.
    /home/vaishnavkoka/RE4BDD/UnifiedBDDLinter-Artifact/work/corpus/github-global-search/csu0077-project3_testing/src/main/java/com/revature/test/admin/testclasses/BatchList.feature
FeatureFileWithMismatchedNameLinter
  Feature file name does not match feature name.
    /home/vaishnavkoka/RE4BDD/UnifiedBDDLinter-Artifact/work/corpus/github-global-search/csu0077-project3_testing/src/main/java/com/revature/test/admin/testclasses/BatchList.feature
FeatureWithoutDescriptionLinter
  Feature has no description
    /home/vaishnavkoka/RE4BDD/UnifiedBDDLinter-Artifact/work/corpus/github-global-search/csu0077-project3_testing/src/main/java/com/revature/test/admin/testclasses/BatchList.feature:20
TestShouldUseBackgroundLinter
  Test shares steps with all other tests in feature. Use a background.
    /home/vaishnavkoka/RE4BDD/UnifiedBDDLinter-Artifact/work/corpus/github-global-search/csu0077-project3_testing/src/main/java/com/revature/test/admin/testclasses/BatchList.feature:23
    /home/vaishnavkoka/RE4BDD/UnifiedBDDLinter-Artifact/work/corpus/github-global-search/csu0077-project3_testing/src/main/java/com/revature/test/admin/testclasses/BatchList.feature:28
    /home/vaishnavkoka/RE4BDD/UnifiedBDDLinter-Artifact/work/corpus/github-global-search/csu0077-project3_testing/src/main/java/com/revature/test/admin/testclasses/BatchList.feature:35
    /home/vaishnavkoka/RE4BDD/UnifiedBDDLinter-Artifact/work/corpus/github-global-search/csu0077-project3_testing/src/main/java/com/revature/test/admin/testclasses/BatchList.feature:42
    /home/vaishnavkoka/RE4BDD/UnifiedBDDLinter-Artifact/work/corpus/github-global-search/csu0077-project3_testing/src/main/java/com/revature/test/admin/testclasses/BatchList.feature:49
    /home/vaishnavkoka/RE4BDD/UnifiedBDDLinter-Artifact/work/corpus/github-global-search/csu0077-project3_testing/src/main/java/com/revature/test/admin/testclasses/BatchList.feature:56
TestWithNoActionStepLinter
  Test does not have a 'When' step.
    /home/vaishnavkoka/RE4BDD/UnifiedBDDLinter-Artifact/work/corpus/github-global-search/csu0077-project3_testing/src/main/java/com/revature/test/admin/testclasses/BatchList.feature:23
StepWithTooManyCharactersLinter
  Step is too long. 84 characters found (max 80)
    /home/vaishnavkoka/RE4BDD/UnifiedBDDLinter-Artifact/work/corpus/github-global-search/csu0077-project3_testing/src/main/java/com/revature/test/admin/testclasses/BatchList.feature:53",11,"S005 L1: Invalid filename: BatchList.feature
W004 L23: Scenario ""Navigate to Batch List Tab"" has no When steps
S004 L24: Line 24: Expected indent 2, got 4
S004 L25: Line 25: Expected indent 2, got 4
S001 L33: Line 33 has trailing whitespace
S004 L36: Line 36: Expected indent 2, got 1
S004 L43: Line 43: Expected indent 2, got 1
S001 L46: Line 46 has trailing whitespace
S001 L47: Line 47 has trailing whitespace
S004 L50: Line 50: Expected indent 2, got 1
S001 L53: Line 53 has trailing whitespace
S001 L54: Line 54 has trailing whitespace
S004 L57: Line 57: Expected indent 2, got 1
S001 L60: Line 60 has trailing whitespace",14,"0    File names should be written in kebab-case e.g. ""batch-list-scenarios.feature""    file-name",1,"FeatureWithoutDescriptionLinter
  Feature has no description
    /home/vaishnavkoka/RE4BDD/UnifiedBDDLinter-Artifact/artifacts/runs/full-2026-09-09/fixed/github-global-search/csu0077-project3_testing/src/main/java/com/revature/test/admin/testclasses/batch_list_scenarios.feature:20
TestShouldUseBackgroundLinter
  Test shares steps with all other tests in feature. Use a background.
    /home/vaishnavkoka/RE4BDD/UnifiedBDDLinter-Artifact/artifacts/runs/full-2026-09-09/fixed/github-global-search/csu0077-project3_testing/src/main/java/com/revature/test/admin/testclasses/batch_list_scenarios.feature:23
    /home/vaishnavkoka/RE4BDD/UnifiedBDDLinter-Artifact/artifacts/runs/full-2026-09-09/fixed/github-global-search/csu0077-project3_testing/src/main/java/com/revature/test/admin/testclasses/batch_list_scenarios.feature:28
    /home/vaishnavkoka/RE4BDD/UnifiedBDDLinter-Artifact/artifacts/runs/full-2026-09-09/fixed/github-global-search/csu0077-project3_testing/src/main/java/com/revature/test/admin/testclasses/batch_list_scenarios.feature:35
    /home/vaishnavkoka/RE4BDD/UnifiedBDDLinter-Artifact/artifacts/runs/full-2026-09-09/fixed/github-global-search/csu0077-project3_testing/src/main/java/com/revature/test/admin/testclasses/batch_list_scenarios.feature:42
    /home/vaishnavkoka/RE4BDD/UnifiedBDDLinter-Artifact/artifacts/runs/full-2026-09-09/fixed/github-global-search/csu0077-project3_testing/src/main/java/com/revature/test/admin/testclasses/batch_list_scenarios.feature:49
    /home/vaishnavkoka/RE4BDD/UnifiedBDDLinter-Artifact/artifacts/runs/full-2026-09-09/fixed/github-global-search/csu0077-project3_testing/src/main/java/com/revature/test/admin/testclasses/batch_list_scenarios.feature:56
TestWithNoActionStepLinter
  Test does not have a 'When' step.
    /home/vaishnavkoka/RE4BDD/UnifiedBDDLinter-Artifact/artifacts/runs/full-2026-09-09/fixed/github-global-search/csu0077-project3_testing/src/main/java/com/revature/test/admin/testclasses/batch_list_scenarios.feature:23
StepWithTooManyCharactersLinter
  Step is too long. 84 characters found (max 80)
    /home/vaishnavkoka/RE4BDD/UnifiedBDDLinter-Artifact/artifacts/runs/full-2026-09-09/fixed/github-global-search/csu0077-project3_testing/src/main/java/com/revature/test/admin/testclasses/batch_list_scenarios.feature:53",9,"W004 L23: Scenario ""Navigate to Batch List Tab"" has no When steps",1,24,2
esg4aspl-SPL-ESG-Examples,github-global-search/esg4aspl-SPL-ESG-Examples/OnlineShop/ConformiqProjects/OnlineShoppingBottomUp/cucumber/features/testcase1.feature,"0    File names should be written in kebab-case e.g. ""testcase-1.feature""        file-name
4    Wrong indentation for ""Step"", expected indentation level of 2, but got 4    indentation
5    Wrong indentation for ""Step"", expected indentation level of 2, but got 4    indentation
6    Wrong indentation for ""Step"", expected indentation level of 2, but got 4    indentation
6    Scenario ""Move from Order to Start"" contains 3 When statements (max 1)      only-one-when
7    Wrong indentation for ""Step"", expected indentation level of 2, but got 4    indentation
9    Multiple empty lines are not allowed                                        no-multiple-empty-lines",7,"FeatureWithoutDescriptionLinter
  Feature has no description
    /home/vaishnavkoka/RE4BDD/UnifiedBDDLinter-Artifact/work/corpus/github-global-search/esg4aspl-SPL-ESG-Examples/OnlineShop/ConformiqProjects/OnlineShoppingBottomUp/cucumber/features/testcase1.feature:1
TestWithActionStepAsFinalStepLinter
  Test has 'When' as the final step.
    /home/vaishnavkoka/RE4BDD/UnifiedBDDLinter-Artifact/work/corpus/github-global-search/esg4aspl-SPL-ESG-Examples/OnlineShop/ConformiqProjects/OnlineShoppingBottomUp/cucumber/features/testcase1.feature:3
TestWithNoVerificationStepLinter
  Test does not have a 'Then' step.
    /home/vaishnavkoka/RE4BDD/UnifiedBDDLinter-Artifact/work/corpus/github-global-search/esg4aspl-SPL-ESG-Examples/OnlineShop/ConformiqProjects/OnlineShoppingBottomUp/cucumber/features/testcase1.feature:3",3,"S004 L4: Line 4: Expected indent 2, got 4
S004 L5: Line 5: Expected indent 2, got 4
S004 L6: Line 6: Expected indent 2, got 4
W001 L6: Scenario at line 3 has multiple When steps
S004 L7: Line 7: Expected indent 2, got 4
W001 L7: Scenario at line 3 has multiple When steps",6,"0    File names should be written in kebab-case e.g. ""test-case-1.feature""     file-name
6    Scenario ""Move from Order to Start"" contains 3 When statements (max 1)    only-one-when
9    Multiple empty lines are not allowed                                      no-multiple-empty-lines",3,"FeatureWithoutDescriptionLinter
  Feature has no description
    /home/vaishnavkoka/RE4BDD/UnifiedBDDLinter-Artifact/artifacts/runs/full-2026-09-09/fixed/github-global-search/esg4aspl-SPL-ESG-Examples/OnlineShop/ConformiqProjects/OnlineShoppingBottomUp/cucumber/features/test_case_1.feature:1
TestWithActionStepAsFinalStepLinter
  Test has 'When' as the final step.
    /home/vaishnavkoka/RE4BDD/UnifiedBDDLinter-Artifact/artifacts/runs/full-2026-09-09/fixed/github-global-search/esg4aspl-SPL-ESG-Examples/OnlineShop/ConformiqProjects/OnlineShoppingBottomUp/cucumber/features/test_case_1.feature:3
TestWithNoVerificationStepLinter
  Test does not have a 'Then' step.
    /home/vaishnavkoka/RE4BDD/UnifiedBDDLinter-Artifact/artifacts/runs/full-2026-09-09/fixed/github-global-search/esg4aspl-SPL-ESG-Examples/OnlineShop/ConformiqProjects/OnlineShoppingBottomUp/cucumber/features/test_case_1.feature:3",3,"W001 L6: Scenario at line 3 has multiple When steps
W001 L7: Scenario at line 3 has multiple When steps",2,4,0
esg4aspl-SPL-ESG-Examples,github-global-search/esg4aspl-SPL-ESG-Examples/OnlineShop/ConformiqProjects/OnlineShoppingBottomUp/cucumber/features/testcase10.feature,"0    File names should be written in kebab-case e.g. ""testcase-10.feature""                    file-name
4    Wrong indentation for ""Step"", expected indentation level of 2, but got 4                 indentation
5    Wrong indentation for ""Step"", expected indentation level of 2, but got 4                 indentation
6    Wrong indentation for ""Step"", expected indentation level of 2, but got 4                 indentation
6    Scenario ""Move from ProductDetails to CartContent"" contains 3 When statements (max 1)    only-one-when
7    Wrong indentation for ""Step"", expected indentation level of 2, but got 4                 indentation
9    Multiple empty lines are not allowed                                                     no-multiple-empty-lines",7,"FeatureWithoutDescriptionLinter
  Feature has no description
    /home/vaishnavkoka/RE4BDD/UnifiedBDDLinter-Artifact/work/corpus/github-global-search/esg4aspl-SPL-ESG-Examples/OnlineShop/ConformiqProjects/OnlineShoppingBottomUp/cucumber/features/testcase10.feature:1
TestWithActionStepAsFinalStepLinter
  Test has 'When' as the final step.
    /home/vaishnavkoka/RE4BDD/UnifiedBDDLinter-Artifact/work/corpus/github-global-search/esg4aspl-SPL-ESG-Examples/OnlineShop/ConformiqProjects/OnlineShoppingBottomUp/cucumber/features/testcase10.feature:3
TestWithNoVerificationStepLinter
  Test does not have a 'Then' step.
    /home/vaishnavkoka/RE4BDD/UnifiedBDDLinter-Artifact/work/corpus/github-global-search/esg4aspl-SPL-ESG-Examples/OnlineShop/ConformiqProjects/OnlineShoppingBottomUp/cucumber/features/testcase10.feature:3",3,"S004 L4: Line 4: Expected indent 2, got 4
S004 L5: Line 5: Expected indent 2, got 4
S004 L6: Line 6: Expected indent 2, got 4
W001 L6: Scenario at line 3 has multiple When steps
S004 L7: Line 7: Expected indent 2, got 4
W001 L7: Scenario at line 3 has multiple When steps",6,"0    File names should be written in kebab-case e.g. ""test-case-10.feature""                   file-name
6    Scenario ""Move from ProductDetails to CartContent"" contains 3 When statements (max 1)    only-one-when
9    Multiple empty lines are not allowed                                                     no-multiple-empty-lines",3,"FeatureWithoutDescriptionLinter
  Feature has no description
    /home/vaishnavkoka/RE4BDD/UnifiedBDDLinter-Artifact/artifacts/runs/full-2026-09-09/fixed/github-global-search/esg4aspl-SPL-ESG-Examples/OnlineShop/ConformiqProjects/OnlineShoppingBottomUp/cucumber/features/test_case_10.feature:1
TestWithActionStepAsFinalStepLinter
  Test has 'When' as the final step.
    /home/vaishnavkoka/RE4BDD/UnifiedBDDLinter-Artifact/artifacts/runs/full-2026-09-09/fixed/github-global-search/esg4aspl-SPL-ESG-Examples/OnlineShop/ConformiqProjects/OnlineShoppingBottomUp/cucumber/features/test_case_10.feature:3
TestWithNoVerificationStepLinter
  Test does not have a 'Then' step.
    /home/vaishnavkoka/RE4BDD/UnifiedBDDLinter-Artifact/artifacts/runs/full-2026-09-09/fixed/github-global-search/esg4aspl-SPL-ESG-Examples/OnlineShop/ConformiqProjects/OnlineShoppingBottomUp/cucumber/features/test_case_10.feature:3",3,"W001 L6: Scenario at line 3 has multiple When steps
W001 L7: Scenario at line 3 has multiple When steps",2,4,0
inventorypapa-free-dropshipping-automation-software,github-global-search/inventorypapa-free-dropshipping-automation-software/features/account/customer_account/address_book/adding_address.feature,"0     File names should be written in kebab-case e.g. ""adding-address.feature""            file-name
7     Wrong indentation for ""Background"", expected indentation level of 0, but got 4      indentation
8     Wrong indentation for ""Step"", expected indentation level of 2, but got 8            indentation
9     Wrong indentation for ""Step"", expected indentation level of 2, but got 8            indentation
11    Wrong indentation for ""scenario tag"", expected indentation level of 0, but got 4    indentation
12    Wrong indentation for ""Scenario"", expected indentation level of 0, but got 4        indentation
13    Wrong indentation for ""Step"", expected indentation level of 2, but got 8            indentation
14    Wrong indentation for ""Step"", expected indentation level of 2, but got 8            indentation
14    Step name is too long. Length of 114 is longer than the maximum allowed: 100        name-length
14    Scenario ""Adding address to address book"" contains 3 When statements (max 1)        only-one-when
15    Wrong indentation for ""Step"", expected indentation level of 2, but got 8            indentation
16    Wrong indentation for ""Step"", expected indentation level of 2, but got 8            indentation
17    Wrong indentation for ""Step"", expected indentation level of 2, but got 8            indentation
17    Step name is too long. Length of 136 is longer than the maximum allowed: 100        name-length",14,"FeatureFileWithMismatchedNameLinter
  Feature file name does not match feature name.
    /home/vaishnavkoka/RE4BDD/UnifiedBDDLinter-Artifact/work/corpus/github-global-search/inventorypapa-free-dropshipping-automation-software/features/account/customer_account/address_book/adding_address.feature
StepWithTooManyCharactersLinter
  Step is too long. 114 characters found (max 80)
    /home/vaishnavkoka/RE4BDD/UnifiedBDDLinter-Artifact/work/corpus/github-global-search/inventorypapa-free-dropshipping-automation-software/features/account/customer_account/address_book/adding_address.feature:14
  Step is too long. 136 characters found (max 80)
    /home/vaishnavkoka/RE4BDD/UnifiedBDDLinter-Artifact/work/corpus/github-global-search/inventorypapa-free-dropshipping-automation-software/features/account/customer_account/address_book/adding_address.feature:17
SingleTestBackgroundLinter
  Background used with only one test
    /home/vaishnavkoka/RE4BDD/UnifiedBDDLinter-Artifact/work/corpus/github-global-search/inventorypapa-free-dropshipping-automation-software/features/account/customer_account/address_book/adding_address.feature:7",4,"S004 L7: Line 7: Background should not be indented
S004 L8: Line 8: Expected indent 2, got 8
S004 L9: Line 9: Expected indent 2, got 8
S004 L12: Line 12: Scenario should not be indented
S004 L13: Line 13: Expected indent 2, got 8
S004 L14: Line 14: Expected indent 2, got 8
S006 L14: Step too long (118 > 100)
S004 L15: Line 15: Expected indent 2, got 8
S004 L16: Line 16: Expected indent 2, got 8
S004 L17: Line 17: Expected indent 2, got 8
S006 L17: Step too long (140 > 100)",11,"0     File names should be written in kebab-case e.g. ""adding-a-new-address-to-the-book.feature""    file-name
14    Step name is too long. Length of 114 is longer than the maximum allowed: 100                  name-length
14    Scenario ""Adding address to address book"" contains 3 When statements (max 1)                  only-one-when
17    Step name is too long. Length of 136 is longer than the maximum allowed: 100                  name-length",4,"StepWithTooManyCharactersLinter
  Step is too long. 114 characters found (max 80)
    /home/vaishnavkoka/RE4BDD/UnifiedBDDLinter-Artifact/artifacts/runs/full-2026-09-09/fixed/github-global-search/inventorypapa-free-dropshipping-automation-software/features/account/customer_account/address_book/adding_a_new_address_to_the_book.feature:14
  Step is too long. 136 characters found (max 80)
    /home/vaishnavkoka/RE4BDD/UnifiedBDDLinter-Artifact/artifacts/runs/full-2026-09-09/fixed/github-global-search/inventorypapa-free-dropshipping-automation-software/features/account/customer_account/address_book/adding_a_new_address_to_the_book.feature:17
SingleTestBackgroundLinter
  Background used with only one test
    /home/vaishnavkoka/RE4BDD/UnifiedBDDLinter-Artifact/artifacts/runs/full-2026-09-09/fixed/github-global-search/inventorypapa-free-dropshipping-automation-software/features/account/customer_account/address_book/adding_a_new_address_to_the_book.feature:7",3,"S006 L14: Step too long (118 > 100)
S006 L17: Step too long (140 > 100)",2,10,1
inventorypapa-free-dropshipping-automation-software,github-global-search/inventorypapa-free-dropshipping-automation-software/features/account/customer_account/address_book/adding_address_validation.feature,"0     File names should be written in kebab-case e.g. ""adding-address-validation.feature""                                                file-name
7     Wrong indentation for ""Background"", expected indentation level of 0, but got 4                                                     indentation
8     Wrong indentation for ""Step"", expected indentation level of 2, but got 8                                                           indentation
9     Wrong indentation for ""Step"", expected indentation level of 2, but got 8                                                           indentation
10    Wrong indentation for ""Step"", expected indentation level of 2, but got 8                                                           indentation
11    Wrong indentation for ""Step"", expected indentation level of 2, but got 8                                                           indentation
13    Wrong indentation for ""scenario tag"", expected indentation level of 0, but got 4                                                   indentation
14    Wrong indentation for ""Scenario"", expected indentation level of 0, but got 4                                                       indentation
15    Wrong indentation for ""Step"", expected indentation level of 2, but got 8                                                           indentation
16    Wrong indentation for ""Step"", expected indentation level of 2, but got 8                                                           indentation
16    Scenario ""Seeing validation errors when adding an empty address"" contains 3 When statements (max 1)                                only-one-when
17    Wrong indentation for ""Step"", expected indentation level of 2, but got 8                                                           indentation
18    Wrong indentation for ""Step"", expected indentation level of 2, but got 8                                                           indentation
19    Wrong indentation for ""Step"", expected indentation level of 2, but got 8                                                           indentation
21    Wrong indentation for ""scenario tag"", expected indentation level of 0, but got 4                                                   indentation
22    Wrong indentation for ""Scenario"", expected indentation level of 0, but got 4                                                       indentation
22    Scenario name is too long. Length of 81 is longer than the maximum allowed: 80                                                     name-length
23    Wrong indentation for ""Step"", expected indentation level of 2, but got 8                                                           indentation
24    Wrong indentation for ""Step"", expected indentation level of 2, but got 8                                                           indentation
24    Step name is too long. Length of 114 is longer than the maximum allowed: 100                                                       name-length
24    Scenario ""The province needs to be selected when the chosen country has at least one stated"" contains 5 When statements (max 1)    only-one-when
25    Wrong indentation for ""Step"", expected indentation level of 2, but got 8                                                           indentation
26    Wrong indentation for ""Step"", expected indentation level of 2, but got 8                                                           indentation
27    Wrong indentation for ""Step"", expected indentation level of 2, but got 8                                                           indentation
28    Wrong indentation for ""Step"", expected indentation level of 2, but got 8                                                           indentation
29    Wrong indentation for ""Step"", expected indentation level of 2, but got 8                                                           indentation",26,"FeatureFileWithMismatchedNameLinter
  Feature file name does not match feature name.
    /home/vaishnavkoka/RE4BDD/UnifiedBDDLinter-Artifact/work/corpus/github-global-search/inventorypapa-free-dropshipping-automation-software/features/account/customer_account/address_book/adding_address_validation.feature
ElementWithCommonTagsLinter
  All tests in Feature have tag '@ui'. Move tag to Feature level.
    /home/vaishnavkoka/RE4BDD/UnifiedBDDLinter-Artifact/work/corpus/github-global-search/inventorypapa-free-dropshipping-automation-software/features/account/customer_account/address_book/adding_address_validation.feature:2
TestShouldUseBackgroundLinter
  Test shares steps with all other tests in feature. Use a background.
    /home/vaishnavkoka/RE4BDD/UnifiedBDDLinter-Artifact/work/corpus/github-global-search/inventorypapa-free-dropshipping-automation-software/features/account/customer_account/address_book/adding_address_validation.feature:14
    /home/vaishnavkoka/RE4BDD/UnifiedBDDLinter-Artifact/work/corpus/github-global-search/inventorypapa-free-dropshipping-automation-software/features/account/customer_account/address_book/adding_address_validation.feature:22
StepWithTooManyCharactersLinter
  Step is too long. 114 characters found (max 80)
    /home/vaishnavkoka/RE4BDD/UnifiedBDDLinter-Artifact/work/corpus/github-global-search/inventorypapa-free-dropshipping-automation-software/features/account/customer_account/address_book/adding_address_validation.feature:24",5,"S004 L7: Line 7: Background should not be indented
S004 L8: Line 8: Expected indent 2, got 8
S004 L9: Line 9: Expected indent 2, got 8
S004 L10: Line 10: Expected indent 2, got 8
S004 L11: Line 11: Expected indent 2, got 8
S004 L14: Line 14: Scenario should not be indented
S004 L15: Line 15: Expected indent 2, got 8
S004 L16: Line 16: Expected indent 2, got 8
S004 L17: Line 17: Expected indent 2, got 8
S004 L18: Line 18: Expected indent 2, got 8
S004 L19: Line 19: Expected indent 2, got 8
S004 L22: Line 22: Scenario should not be indented
S006 L22: Scenario name too long (81 > 80)
S004 L23: Line 23: Expected indent 2, got 8
S004 L24: Line 24: Expected indent 2, got 8
S006 L24: Step too long (118 > 100)
S004 L25: Line 25: Expected indent 2, got 8
S004 L26: Line 26: Expected indent 2, got 8
S004 L27: Line 27: Expected indent 2, got 8
S004 L28: Line 28: Expected indent 2, got 8
S004 L29: Line 29: Expected indent 2, got 8",21,"0     File names should be written in kebab-case e.g. ""seeing-validation-messages-during-address-addition.feature""                       file-name
16    Scenario ""Seeing validation errors when adding an empty address"" contains 3 When statements (max 1)                                only-one-when
22    Scenario name is too long. Length of 81 is longer than the maximum allowed: 80                                                     name-length
24    Step name is too long. Length of 114 is longer than the maximum allowed: 100                                                       name-length
24    Scenario ""The province needs to be selected when the chosen country has at least one stated"" contains 5 When statements (max 1)    only-one-when",5,"ElementWithCommonTagsLinter
  All tests in Feature have tag '@ui'. Move tag to Feature level.
    /home/vaishnavkoka/RE4BDD/UnifiedBDDLinter-Artifact/artifacts/runs/full-2026-09-09/fixed/github-global-search/inventorypapa-free-dropshipping-automation-software/features/account/customer_account/address_book/seeing_validation_messages_during_address_addition.feature:2
TestShouldUseBackgroundLinter
  Test shares steps with all other tests in feature. Use a background.
    /home/vaishnavkoka/RE4BDD/UnifiedBDDLinter-Artifact/artifacts/runs/full-2026-09-09/fixed/github-global-search/inventorypapa-free-dropshipping-automation-software/features/account/customer_account/address_book/seeing_validation_messages_during_address_addition.feature:14
    /home/vaishnavkoka/RE4BDD/UnifiedBDDLinter-Artifact/artifacts/runs/full-2026-09-09/fixed/github-global-search/inventorypapa-free-dropshipping-automation-software/features/account/customer_account/address_book/seeing_validation_messages_during_address_addition.feature:22
StepWithTooManyCharactersLinter
  Step is too long. 114 characters found (max 80)
    /home/vaishnavkoka/RE4BDD/UnifiedBDDLinter-Artifact/artifacts/runs/full-2026-09-09/fixed/github-global-search/inventorypapa-free-dropshipping-automation-software/features/account/customer_account/address_book/seeing_validation_messages_during_address_addition.feature:24",4,"S006 L22: Scenario name too long (81 > 80)
S006 L24: Step too long (118 > 100)",2,21,1
kabisa-books,github-global-search/kabisa-books/features/add_book.feature,"0     File names should be written in kebab-case e.g. ""add-book.feature""                file-name
1     Missing Feature name                                                              no-unnamed-features
6     Wrong indentation for ""Background"", expected indentation level of 0, but got 2    indentation
7     Wrong indentation for ""Step"", expected indentation level of 2, but got 4          indentation
13    Wrong indentation for ""Scenario"", expected indentation level of 0, but got 2      indentation
14    Wrong indentation for ""Step"", expected indentation level of 2, but got 4          indentation
15    Wrong indentation for ""Step"", expected indentation level of 2, but got 4          indentation
16    Wrong indentation for ""Step"", expected indentation level of 2, but got 4          indentation
17    Wrong indentation for ""Step"", expected indentation level of 2, but got 4          indentation
19    Wrong indentation for ""Scenario"", expected indentation level of 0, but got 2      indentation
20    Wrong indentation for ""Step"", expected indentation level of 2, but got 4          indentation
21    Wrong indentation for ""Step"", expected indentation level of 2, but got 4          indentation
22    Wrong indentation for ""Step"", expected indentation level of 2, but got 4          indentation
23    Wrong indentation for ""Step"", expected indentation level of 2, but got 4          indentation
25    Multiple empty lines are not allowed                                              no-multiple-empty-lines",15,"FeatureFileWithMismatchedNameLinter
  Feature file name does not match feature name.
    /home/vaishnavkoka/RE4BDD/UnifiedBDDLinter-Artifact/work/corpus/github-global-search/kabisa-books/features/add_book.feature
FeatureWithoutNameLinter
  Feature does not have a name.
    /home/vaishnavkoka/RE4BDD/UnifiedBDDLinter-Artifact/work/corpus/github-global-search/kabisa-books/features/add_book.feature:1",2,"ST001 L1: Feature must have a name
S004 L6: Line 6: Background should not be indented
S004 L7: Line 7: Expected indent 2, got 4
S004 L13: Line 13: Scenario should not be indented
S004 L14: Line 14: Expected indent 2, got 4
S004 L15: Line 15: Expected indent 2, got 4
S004 L16: Line 16: Expected indent 2, got 4
S004 L17: Line 17: Expected indent 2, got 4
S004 L19: Line 19: Scenario should not be indented
S004 L20: Line 20: Expected indent 2, got 4
S004 L21: Line 21: Expected indent 2, got 4
S004 L22: Line 22: Expected indent 2, got 4
S004 L23: Line 23: Expected indent 2, got 4",13,"0     File names should be written in kebab-case e.g. ""add-book.feature""    file-name
1     Missing Feature name                                                  no-unnamed-features
25    Multiple empty lines are not allowed                                  no-multiple-empty-lines",3,"FeatureFileWithMismatchedNameLinter
  Feature file name does not match feature name.
    /home/vaishnavkoka/RE4BDD/UnifiedBDDLinter-Artifact/artifacts/runs/full-2026-09-09/fixed/github-global-search/kabisa-books/features/add_book.feature
FeatureWithoutNameLinter
  Feature does not have a name.
    /home/vaishnavkoka/RE4BDD/UnifiedBDDLinter-Artifact/artifacts/runs/full-2026-09-09/fixed/github-global-search/kabisa-books/features/add_book.feature:1",2,ST001 L1: Feature must have a name,1,12,0
kabisa-books,github-global-search/kabisa-books/features/add_ebook.feature,"0     File names should be written in kebab-case e.g. ""add-ebook.feature""               file-name
2     Missing Feature name                                                              no-unnamed-features
7     Wrong indentation for ""Background"", expected indentation level of 0, but got 8    indentation
8     Wrong indentation for ""Step"", expected indentation level of 2, but got 12         indentation
14    Wrong indentation for ""Scenario"", expected indentation level of 0, but got 8      indentation
15    Wrong indentation for ""Step"", expected indentation level of 2, but got 12         indentation
16    Wrong indentation for ""Step"", expected indentation level of 2, but got 14         indentation
17    Wrong indentation for ""Step"", expected indentation level of 2, but got 14         indentation
18    Wrong indentation for ""Step"", expected indentation level of 2, but got 14         indentation
19    Wrong indentation for ""Step"", expected indentation level of 2, but got 14         indentation
20    Wrong indentation for ""Step"", expected indentation level of 2, but got 14         indentation
21    Wrong indentation for ""Step"", expected indentation level of 2, but got 14         indentation
22    Wrong indentation for ""Step"", expected indentation level of 2, but got 14         indentation
23    Wrong indentation for ""Step"", expected indentation level of 2, but got 14         indentation
24    Wrong indentation for ""Step"", expected indentation level of 2, but got 13         indentation
25    Wrong indentation for ""Step"", expected indentation level of 2, but got 14         indentation
26    Wrong indentation for ""Step"", expected indentation level of 2, but got 14         indentation
27    Wrong indentation for ""Step"", expected indentation level of 2, but got 14         indentation
29    Wrong indentation for ""Scenario"", expected indentation level of 0, but got 8      indentation
30    Wrong indentation for ""Step"", expected indentation level of 2, but got 12         indentation
31    Wrong indentation for ""Step"", expected indentation level of 2, but got 14         indentation
32    Wrong indentation for ""Step"", expected indentation level of 2, but got 14         indentation
33    Wrong indentation for ""Step"", expected indentation level of 2, but got 14         indentation
34    Wrong indentation for ""Step"", expected indentation level of 2, but got 13         indentation
36    Wrong indentation for ""Scenario"", expected indentation level of 0, but got 8      indentation
37    Wrong indentation for ""Step"", expected indentation level of 2, but got 12         indentation
38    Wrong indentation for ""Step"", expected indentation level of 2, but got 14         indentation
39    Wrong indentation for ""Step"", expected indentation level of 2, but got 14         indentation
40    Wrong indentation for ""Step"", expected indentation level of 2, but got 14         indentation
41    Wrong indentation for ""Step"", expected indentation level of 2, but got 14         indentation
42    Wrong indentation for ""Step"", expected indentation level of 2, but got 13         indentation",31,"FeatureFileWithMismatchedNameLinter
  Feature file name does not match feature name.
    /home/vaishnavkoka/RE4BDD/UnifiedBDDLinter-Artifact/work/corpus/github-global-search/kabisa-books/features/add_ebook.feature
FeatureWithoutNameLinter
  Feature does not have a name.
    /home/vaishnavkoka/RE4BDD/UnifiedBDDLinter-Artifact/work/corpus/github-global-search/kabisa-books/features/add_ebook.feature:2
TestShouldUseBackgroundLinter
  Test shares steps with all other tests in feature. Use a background.
    /home/vaishnavkoka/RE4BDD/UnifiedBDDLinter-Artifact/work/corpus/github-global-search/kabisa-books/features/add_ebook.feature:14
    /home/vaishnavkoka/RE4BDD/UnifiedBDDLinter-Artifact/work/corpus/github-global-search/kabisa-books/features/add_ebook.feature:29
    /home/vaishnavkoka/RE4BDD/UnifiedBDDLinter-Artifact/work/corpus/github-global-search/kabisa-books/features/add_ebook.feature:36
TestWithNoActionStepLinter
  Test does not have a 'When' step.
    /home/vaishnavkoka/RE4BDD/UnifiedBDDLinter-Artifact/work/corpus/github-global-search/kabisa-books/features/add_ebook.feature:14
    /home/vaishnavkoka/RE4BDD/UnifiedBDDLinter-Artifact/work/corpus/github-global-search/kabisa-books/features/add_ebook.feature:29
    /home/vaishnavkoka/RE4BDD/UnifiedBDDLinter-Artifact/work/corpus/github-global-search/kabisa-books/features/add_ebook.feature:36
TestWithTooManyStepsLinter
  Test has too many steps. 13 steps found (max 10).
    /home/vaishnavkoka/RE4BDD/UnifiedBDDLinter-Artifact/work/corpus/github-global-search/kabisa-books/features/add_ebook.feature:14",9,"ST001 L2: Feature must have a name
S004 L7: Line 7: Background should not be indented
S004 L8: Line 8: Expected indent 2, got 12
S004 L14: Line 14: Scenario should not be indented
W004 L14: Scenario ""Create a book with a download link"" has no When steps
W006 L14: Scenario ""Create a book with a download link"" has 13 steps (> 10)
S004 L15: Line 15: Expected indent 2, got 12
S004 L16: Line 16: Expected indent 2, got 14
S004 L17: Line 17: Expected indent 2, got 14
S004 L18: Line 18: Expected indent 2, got 14
S004 L19: Line 19: Expected indent 2, got 14
S004 L20: Line 20: Expected indent 2, got 14
S004 L21: Line 21: Expected indent 2, got 14
S004 L22: Line 22: Expected indent 2, got 14
S004 L23: Line 23: Expected indent 2, got 14
S004 L24: Line 24: Expected indent 2, got 13
S004 L25: Line 25: Expected indent 2, got 14
S004 L26: Line 26: Expected indent 2, got 14
S004 L27: Line 27: Expected indent 2, got 14
S004 L29: Line 29: Scenario should not be indented
W004 L29: Scenario ""Create a book with an invalid download link"" has no When steps
S004 L30: Line 30: Expected indent 2, got 12
S004 L31: Line 31: Expected indent 2, got 14
S004 L32: Line 32: Expected indent 2, got 14
S004 L33: Line 33: Expected indent 2, got 14
S004 L34: Line 34: Expected indent 2, got 13
S004 L36: Line 36: Scenario should not be indented
S004 L37: Line 37: Expected indent 2, got 12
S004 L38: Line 38: Expected indent 2, got 14
S004 L39: Line 39: Expected indent 2, got 14
S004 L40: Line 40: Expected indent 2, got 14
S004 L41: Line 41: Expected indent 2, got 14
S004 L42: Line 42: Expected indent 2, got 13",33,"0    File names should be written in kebab-case e.g. ""add-ebook.feature""    file-name
2    Missing Feature name                                                   no-unnamed-features",2,"FeatureFileWithMismatchedNameLinter
  Feature file name does not match feature name.
    /home/vaishnavkoka/RE4BDD/UnifiedBDDLinter-Artifact/artifacts/runs/full-2026-09-09/fixed/github-global-search/kabisa-books/features/add_ebook.feature
FeatureWithoutNameLinter
  Feature does not have a name.
    /home/vaishnavkoka/RE4BDD/UnifiedBDDLinter-Artifact/artifacts/runs/full-2026-09-09/fixed/github-global-search/kabisa-books/features/add_ebook.feature:2
TestShouldUseBackgroundLinter
  Test shares steps with all other tests in feature. Use a background.
    /home/vaishnavkoka/RE4BDD/UnifiedBDDLinter-Artifact/artifacts/runs/full-2026-09-09/fixed/github-global-search/kabisa-books/features/add_ebook.feature:14
    /home/vaishnavkoka/RE4BDD/UnifiedBDDLinter-Artifact/artifacts/runs/full-2026-09-09/fixed/github-global-search/kabisa-books/features/add_ebook.feature:29
    /home/vaishnavkoka/RE4BDD/UnifiedBDDLinter-Artifact/artifacts/runs/full-2026-09-09/fixed/github-global-search/kabisa-books/features/add_ebook.feature:36
TestWithNoActionStepLinter
  Test does not have a 'When' step.
    /home/vaishnavkoka/RE4BDD/UnifiedBDDLinter-Artifact/artifacts/runs/full-2026-09-09/fixed/github-global-search/kabisa-books/features/add_ebook.feature:14
    /home/vaishnavkoka/RE4BDD/UnifiedBDDLinter-Artifact/artifacts/runs/full-2026-09-09/fixed/github-global-search/kabisa-books/features/add_ebook.feature:29
    /home/vaishnavkoka/RE4BDD/UnifiedBDDLinter-Artifact/artifacts/runs/full-2026-09-09/fixed/github-global-search/kabisa-books/features/add_ebook.feature:36
TestWithTooManyStepsLinter
  Test has too many steps. 13 steps found (max 10).
    /home/vaishnavkoka/RE4BDD/UnifiedBDDLinter-Artifact/artifacts/runs/full-2026-09-09/fixed/github-global-search/kabisa-books/features/add_ebook.feature:14",9,"ST001 L2: Feature must have a name
W004 L14: Scenario ""Create a book with a download link"" has no When steps
W006 L14: Scenario ""Create a book with a download link"" has 13 steps (> 10)
W004 L29: Scenario ""Create a book with an invalid download link"" has no When steps",4,29,0
learningequality-kolibri,github-global-search/learningequality-kolibri/integration_testing/016-features/admin/device/admin-manage-content.feature,"4     Wrong indentation for ""Background"", expected indentation level of 0, but got 2                           indentation
5     Wrong indentation for ""Step"", expected indentation level of 2, but got 4                                 indentation
6     Wrong indentation for ""Step"", expected indentation level of 2, but got 5                                 indentation
8     Wrong indentation for ""Scenario"", expected indentation level of 0, but got 2                             indentation
9     Wrong indentation for ""Step"", expected indentation level of 2, but got 4                                 indentation
10    Wrong indentation for ""Step"", expected indentation level of 2, but got 4                                 indentation
11    Wrong indentation for ""Step"", expected indentation level of 2, but got 5                                 indentation
12    Wrong indentation for ""Step"", expected indentation level of 2, but got 5                                 indentation
13    Wrong indentation for ""Step"", expected indentation level of 2, but got 6                                 indentation
14    Wrong indentation for ""Step"", expected indentation level of 2, but got 4                                 indentation
14    Step ""When I click the *Manage* button for a channel"" should not appear after step using keyword then    keywords-in-logical-order
14    Scenario ""View all the options for managing content"" contains 2 When statements (max 1)                  only-one-when
15    Wrong indentation for ""Step"", expected indentation level of 2, but got 4                                 indentation
16    Wrong indentation for ""Step"", expected indentation level of 2, but got 5                                 indentation
17    Wrong indentation for ""Step"", expected indentation level of 2, but got 5                                 indentation
18    Wrong indentation for ""Step"", expected indentation level of 2, but got 5                                 indentation
19    Wrong indentation for ""Step"", expected indentation level of 2, but got 5                                 indentation",17,"FeatureFileWithInvalidNameLinter
  Feature files should be snake_cased.
    /home/vaishnavkoka/RE4BDD/UnifiedBDDLinter-Artifact/work/corpus/github-global-search/learningequality-kolibri/integration_testing/016-features/admin/device/admin-manage-content.feature
FeatureFileWithMismatchedNameLinter
  Feature file name does not match feature name.
    /home/vaishnavkoka/RE4BDD/UnifiedBDDLinter-Artifact/work/corpus/github-global-search/learningequality-kolibri/integration_testing/016-features/admin/device/admin-manage-content.feature
TestWithTooManyStepsLinter
  Test has too many steps. 11 steps found (max 10).
    /home/vaishnavkoka/RE4BDD/UnifiedBDDLinter-Artifact/work/corpus/github-global-search/learningequality-kolibri/integration_testing/016-features/admin/device/admin-manage-content.feature:8
SingleTestBackgroundLinter
  Background used with only one test
    /home/vaishnavkoka/RE4BDD/UnifiedBDDLinter-Artifact/work/corpus/github-global-search/learningequality-kolibri/integration_testing/016-features/admin/device/admin-manage-content.feature:4
StepWithTooManyCharactersLinter
  Step is too long. 92 characters found (max 80)
    /home/vaishnavkoka/RE4BDD/UnifiedBDDLinter-Artifact/work/corpus/github-global-search/learningequality-kolibri/integration_testing/016-features/admin/device/admin-manage-content.feature:5",5,"S004 L4: Line 4: Background should not be indented
S004 L5: Line 5: Expected indent 2, got 4
S004 L6: Line 6: Expected indent 2, got 5
S004 L8: Line 8: Scenario should not be indented
S004 L9: Line 9: Expected indent 2, got 4
S004 L10: Line 10: Expected indent 2, got 4
S004 L11: Line 11: Expected indent 2, got 5
S004 L12: Line 12: Expected indent 2, got 5
S004 L13: Line 13: Expected indent 2, got 6
S004 L14: Line 14: Expected indent 2, got 4
W001 L14: Scenario at line 8 has multiple When steps
W002 L14: When step after Then (wrong order)
S004 L15: Line 15: Expected indent 2, got 4
S004 L16: Line 16: Expected indent 2, got 5
S004 L17: Line 17: Expected indent 2, got 5
S004 L18: Line 18: Expected indent 2, got 5
S004 L19: Line 19: Expected indent 2, got 5",17,"0     File names should be written in kebab-case e.g. ""facility-admin-device-management.feature""               file-name
14    Step ""When I click the *Manage* button for a channel"" should not appear after step using keyword then    keywords-in-logical-order
14    Scenario ""View all the options for managing content"" contains 2 When statements (max 1)                  only-one-when",3,"TestWithTooManyStepsLinter
  Test has too many steps. 11 steps found (max 10).
    /home/vaishnavkoka/RE4BDD/UnifiedBDDLinter-Artifact/artifacts/runs/full-2026-09-09/fixed/github-global-search/learningequality-kolibri/integration_testing/016-features/admin/device/facility_admin_device_management.feature:8
SingleTestBackgroundLinter
  Background used with only one test
    /home/vaishnavkoka/RE4BDD/UnifiedBDDLinter-Artifact/artifacts/runs/full-2026-09-09/fixed/github-global-search/learningequality-kolibri/integration_testing/016-features/admin/device/facility_admin_device_management.feature:4
StepWithTooManyCharactersLinter
  Step is too long. 92 characters found (max 80)
    /home/vaishnavkoka/RE4BDD/UnifiedBDDLinter-Artifact/artifacts/runs/full-2026-09-09/fixed/github-global-search/learningequality-kolibri/integration_testing/016-features/admin/device/facility_admin_device_management.feature:5",3,"W001 L14: Scenario at line 8 has multiple When steps
W002 L14: When step after Then (wrong order)",2,14,2
learningequality-kolibri,github-global-search/learningequality-kolibri/integration_testing/016-features/admin/device/admin-rearrange-channels.feature,"4     Wrong indentation for ""Background"", expected indentation level of 0, but got 2                                               indentation
5     Wrong indentation for ""Step"", expected indentation level of 2, but got 4                                                     indentation
6     Wrong indentation for ""Step"", expected indentation level of 2, but got 4                                                     indentation
8     Wrong indentation for ""Scenario"", expected indentation level of 0, but got 2                                                 indentation
9     Wrong indentation for ""Step"", expected indentation level of 2, but got 4                                                     indentation
10    Wrong indentation for ""Step"", expected indentation level of 2, but got 5                                                     indentation
10    Scenario ""User can move a channel"" contains 4 When statements (max 1)                                                        only-one-when
11    Wrong indentation for ""Step"", expected indentation level of 2, but got 4                                                     indentation
12    Wrong indentation for ""Step"", expected indentation level of 2, but got 4                                                     indentation
12    Step ""When I drag a channel using my mouse or keyboard to a new position"" should not appear after step using keyword then    keywords-in-logical-order
13    Wrong indentation for ""Step"", expected indentation level of 2, but got 4                                                     indentation
14    Wrong indentation for ""Step"", expected indentation level of 2, but got 4                                                     indentation
14    Step ""When I close the modal"" should not appear after step using keyword then                                                keywords-in-logical-order
15    Wrong indentation for ""Step"", expected indentation level of 2, but got 4                                                     indentation
16    Wrong indentation for ""Step"", expected indentation level of 2, but got 5                                                     indentation
18    Wrong indentation for ""Scenario"", expected indentation level of 0, but got 2                                                 indentation
19    Wrong indentation for ""Step"", expected indentation level of 2, but got 4                                                     indentation
20    Wrong indentation for ""Step"", expected indentation level of 2, but got 4                                                     indentation
20    Step name is too long. Length of 241 is longer than the maximum allowed: 100                                                 name-length
21    Wrong indentation for ""Step"", expected indentation level of 2, but got 4                                                     indentation",20,"FeatureFileWithInvalidNameLinter
  Feature files should be snake_cased.
    /home/vaishnavkoka/RE4BDD/UnifiedBDDLinter-Artifact/work/corpus/github-global-search/learningequality-kolibri/integration_testing/016-features/admin/device/admin-rearrange-channels.feature
FeatureFileWithMismatchedNameLinter
  Feature file name does not match feature name.
    /home/vaishnavkoka/RE4BDD/UnifiedBDDLinter-Artifact/work/corpus/github-global-search/learningequality-kolibri/integration_testing/016-features/admin/device/admin-rearrange-channels.feature
StepWithTooManyCharactersLinter
  Step is too long. 241 characters found (max 80)
    /home/vaishnavkoka/RE4BDD/UnifiedBDDLinter-Artifact/work/corpus/github-global-search/learningequality-kolibri/integration_testing/016-features/admin/device/admin-rearrange-channels.feature:20",3,"S004 L4: Line 4: Background should not be indented
S004 L5: Line 5: Expected indent 2, got 4
S004 L6: Line 6: Expected indent 2, got 4
S004 L8: Line 8: Scenario should not be indented
S004 L9: Line 9: Expected indent 2, got 4
S004 L10: Line 10: Expected indent 2, got 5
S004 L11: Line 11: Expected indent 2, got 4
S004 L12: Line 12: Expected indent 2, got 4
W001 L12: Scenario at line 8 has multiple When steps
W002 L12: When step after Then (wrong order)
S004 L13: Line 13: Expected indent 2, got 4
S004 L14: Line 14: Expected indent 2, got 4
W001 L14: Scenario at line 8 has multiple When steps
W002 L14: When step after Then (wrong order)
S004 L15: Line 15: Expected indent 2, got 4
S004 L16: Line 16: Expected indent 2, got 5
S004 L18: Line 18: Scenario should not be indented
S004 L19: Line 19: Expected indent 2, got 4
S004 L20: Line 20: Expected indent 2, got 4
S006 L20: Step too long (246 > 100)
S004 L21: Line 21: Expected indent 2, got 4",21,"0     File names should be written in kebab-case e.g. ""admin-can-rearrange-channels.feature""                                       file-name
10    Scenario ""User can move a channel"" contains 4 When statements (max 1)                                                        only-one-when
12    Step ""When I drag a channel using my mouse or keyboard to a new position"" should not appear after step using keyword then    keywords-in-logical-order
14    Step ""When I close the modal"" should not appear after step using keyword then                                                keywords-in-logical-order
20    Step name is too long. Length of 241 is longer than the maximum allowed: 100                                                 name-length",5,"StepWithTooManyCharactersLinter
  Step is too long. 241 characters found (max 80)
    /home/vaishnavkoka/RE4BDD/UnifiedBDDLinter-Artifact/artifacts/runs/full-2026-09-09/fixed/github-global-search/learningequality-kolibri/integration_testing/016-features/admin/device/admin_can_rearrange_channels.feature:20",1,"W001 L12: Scenario at line 8 has multiple When steps
W002 L12: When step after Then (wrong order)
W001 L14: Scenario at line 8 has multiple When steps
W002 L14: When step after Then (wrong order)
S006 L20: Step too long (246 > 100)",5,15,2
local-web-services-local-web-services,github-global-search/local-web-services-local-web-services/lang/specification/core/informal/apigateway/create_deployment.feature,"0     File names should be written in kebab-case e.g. ""create-deployment.feature""         file-name
7     Wrong indentation for ""Background"", expected indentation level of 0, but got 2      indentation
8     Wrong indentation for ""Step"", expected indentation level of 2, but got 4            indentation
10    Wrong indentation for ""scenario tag"", expected indentation level of 0, but got 2    indentation
11    Wrong indentation for ""Scenario"", expected indentation level of 0, but got 2        indentation
12    Wrong indentation for ""Step"", expected indentation level of 2, but got 4            indentation
13    Wrong indentation for ""Step"", expected indentation level of 2, but got 4            indentation
14    Wrong indentation for ""Step"", expected indentation level of 2, but got 4            indentation
15    Wrong indentation for ""Step"", expected indentation level of 2, but got 4            indentation
16    Wrong indentation for ""Step"", expected indentation level of 2, but got 4            indentation
17    Wrong indentation for ""Step"", expected indentation level of 2, but got 4            indentation
18    Wrong indentation for ""Step"", expected indentation level of 2, but got 4            indentation
19    Wrong indentation for ""Step"", expected indentation level of 2, but got 4            indentation
20    Wrong indentation for ""Step"", expected indentation level of 2, but got 4            indentation
21    Wrong indentation for ""Step"", expected indentation level of 2, but got 4            indentation
22    Wrong indentation for ""Step"", expected indentation level of 2, but got 4            indentation
23    Wrong indentation for ""Step"", expected indentation level of 2, but got 4            indentation
24    Wrong indentation for ""Step"", expected indentation level of 2, but got 4            indentation
25    Wrong indentation for ""Step"", expected indentation level of 2, but got 4            indentation
26    Wrong indentation for ""Step"", expected indentation level of 2, but got 4            indentation
28    Wrong indentation for ""scenario tag"", expected indentation level of 0, but got 2    indentation
29    Wrong indentation for ""Scenario"", expected indentation level of 0, but got 2        indentation
29    Scenario name is too long. Length of 109 is longer than the maximum allowed: 80     name-length
30    Wrong indentation for ""Step"", expected indentation level of 2, but got 4            indentation
31    Wrong indentation for ""Step"", expected indentation level of 2, but got 4            indentation
32    Wrong indentation for ""Step"", expected indentation level of 2, but got 4            indentation
34    Wrong indentation for ""scenario tag"", expected indentation level of 0, but got 2    indentation
35    Wrong indentation for ""Scenario"", expected indentation level of 0, but got 2        indentation
35    Scenario name is too long. Length of 127 is longer than the maximum allowed: 80     name-length
36    Wrong indentation for ""Step"", expected indentation level of 2, but got 4            indentation
37    Wrong indentation for ""Step"", expected indentation level of 2, but got 4            indentation
38    Wrong indentation for ""Step"", expected indentation level of 2, but got 4            indentation
39    Wrong indentation for ""Step"", expected indentation level of 2, but got 4            indentation
41    Wrong indentation for ""scenario tag"", expected indentation level of 0, but got 2    indentation
42    Wrong indentation for ""Scenario"", expected indentation level of 0, but got 2        indentation
42    Scenario name is too long. Length of 101 is longer than the maximum allowed: 80     name-length
43    Wrong indentation for ""Step"", expected indentation level of 2, but got 4            indentation
44    Wrong indentation for ""Step"", expected indentation level of 2, but got 4            indentation
45    Wrong indentation for ""Step"", expected indentation level of 2, but got 4            indentation
46    Wrong indentation for ""Step"", expected indentation level of 2, but got 4            indentation
47    Wrong indentation for ""Step"", expected indentation level of 2, but got 4            indentation
49    Wrong indentation for ""scenario tag"", expected indentation level of 0, but got 2    indentation
50    Wrong indentation for ""Scenario"", expected indentation level of 0, but got 2        indentation
50    Scenario name is too long. Length of 131 is longer than the maximum allowed: 80     name-length
51    Wrong indentation for ""Step"", expected indentation level of 2, but got 4            indentation
52    Wrong indentation for ""Step"", expected indentation level of 2, but got 4            indentation
53    Wrong indentation for ""Step"", expected indentation level of 2, but got 4            indentation
54    Wrong indentation for ""Step"", expected indentation level of 2, but got 4            indentation
55    Wrong indentation for ""Step"", expected indentation level of 2, but got 4            indentation
56    Wrong indentation for ""Step"", expected indentation level of 2, but got 4            indentation
58    Wrong indentation for ""scenario tag"", expected indentation level of 0, but got 2    indentation
59    Wrong indentation for ""Scenario"", expected indentation level of 0, but got 2        indentation
59    Scenario name is too long. Length of 93 is longer than the maximum allowed: 80      name-length
60    Wrong indentation for ""Step"", expected indentation level of 2, but got 4            indentation
61    Wrong indentation for ""Step"", expected indentation level of 2, but got 4            indentation
62    Wrong indentation for ""Step"", expected indentation level of 2, but got 4            indentation
63    Wrong indentation for ""Step"", expected indentation level of 2, but got 4            indentation
64    Wrong indentation for ""Step"", expected indentation level of 2, but got 4            indentation
65    Wrong indentation for ""Step"", expected indentation level of 2, but got 4            indentation
66    Wrong indentation for ""Step"", expected indentation level of 2, but got 4            indentation
68    Wrong indentation for ""scenario tag"", expected indentation level of 0, but got 2    indentation
69    Wrong indentation for ""Scenario"", expected indentation level of 0, but got 2        indentation
69    Scenario name is too long. Length of 96 is longer than the maximum allowed: 80      name-length
70    Wrong indentation for ""Step"", expected indentation level of 2, but got 4            indentation
71    Wrong indentation for ""Step"", expected indentation level of 2, but got 4            indentation
72    Wrong indentation for ""Step"", expected indentation level of 2, but got 4            indentation
73    Wrong indentation for ""Step"", expected indentation level of 2, but got 4            indentation
74    Wrong indentation for ""Step"", expected indentation level of 2, but got 4            indentation
75    Wrong indentation for ""Step"", expected indentation level of 2, but got 4            indentation
76    Wrong indentation for ""Step"", expected indentation level of 2, but got 4            indentation
77    Wrong indentation for ""Step"", expected indentation level of 2, but got 4            indentation",71,"FeatureFileWithMismatchedNameLinter
  Feature file name does not match feature name.
    /home/vaishnavkoka/RE4BDD/UnifiedBDDLinter-Artifact/work/corpus/github-global-search/local-web-services-local-web-services/lang/specification/core/informal/apigateway/create_deployment.feature
ElementWithCommonTagsLinter
  All tests in Feature have tag '@create_deployment'. Move tag to Feature level.
    /home/vaishnavkoka/RE4BDD/UnifiedBDDLinter-Artifact/work/corpus/github-global-search/local-web-services-local-web-services/lang/specification/core/informal/apigateway/create_deployment.feature:2
FeatureWithoutDescriptionLinter
  Feature has no description
    /home/vaishnavkoka/RE4BDD/UnifiedBDDLinter-Artifact/work/corpus/github-global-search/local-web-services-local-web-services/lang/specification/core/informal/apigateway/create_deployment.feature:2
TestWithTooManyStepsLinter
  Test has too many steps. 15 steps found (max 10).
    /home/vaishnavkoka/RE4BDD/UnifiedBDDLinter-Artifact/work/corpus/github-global-search/local-web-services-local-web-services/lang/specification/core/informal/apigateway/create_deployment.feature:11
StepWithTooManyCharactersLinter
  Step is too long. 89 characters found (max 80)
    /home/vaishnavkoka/RE4BDD/UnifiedBDDLinter-Artifact/work/corpus/github-global-search/local-web-services-local-web-services/lang/specification/core/informal/apigateway/create_deployment.feature:26",5,"S004 L7: Line 7: Background should not be indented
S004 L8: Line 8: Expected indent 2, got 4
S004 L11: Line 11: Scenario should not be indented
W006 L11: Scenario ""an ""api gateway"" ""API"" deployment is created"" has 15 steps (> 10)
S004 L12: Line 12: Expected indent 2, got 4
S004 L13: Line 13: Expected indent 2, got 4
S004 L14: Line 14: Expected indent 2, got 4
S004 L15: Line 15: Expected indent 2, got 4
S004 L16: Line 16: Expected indent 2, got 4
S004 L17: Line 17: Expected indent 2, got 4
S004 L18: Line 18: Expected indent 2, got 4
S004 L19: Line 19: Expected indent 2, got 4
S004 L20: Line 20: Expected indent 2, got 4
S004 L21: Line 21: Expected indent 2, got 4
S004 L22: Line 22: Expected indent 2, got 4
S004 L23: Line 23: Expected indent 2, got 4
S004 L24: Line 24: Expected indent 2, got 4
S004 L25: Line 25: Expected indent 2, got 4
S004 L26: Line 26: Expected indent 2, got 4
S004 L29: Line 29: Scenario should not be indented
S006 L29: Scenario name too long (109 > 80)
S004 L30: Line 30: Expected indent 2, got 4
S004 L31: Line 31: Expected indent 2, got 4
S004 L32: Line 32: Expected indent 2, got 4
S004 L35: Line 35: Scenario should not be indented
S006 L35: Scenario name too long (127 > 80)
S004 L36: Line 36: Expected indent 2, got 4
S004 L37: Line 37: Expected indent 2, got 4
S004 L38: Line 38: Expected indent 2, got 4
S004 L39: Line 39: Expected indent 2, got 4
S004 L42: Line 42: Scenario should not be indented
S006 L42: Scenario name too long (101 > 80)
S004 L43: Line 43: Expected indent 2, got 4
S004 L44: Line 44: Expected indent 2, got 4
S004 L45: Line 45: Expected indent 2, got 4
S004 L46: Line 46: Expected indent 2, got 4
S004 L47: Line 47: Expected indent 2, got 4
S004 L50: Line 50: Scenario should not be indented
S006 L50: Scenario name too long (131 > 80)
S004 L51: Line 51: Expected indent 2, got 4
S004 L52: Line 52: Expected indent 2, got 4
S004 L53: Line 53: Expected indent 2, got 4
S004 L54: Line 54: Expected indent 2, got 4
S004 L55: Line 55: Expected indent 2, got 4
S004 L56: Line 56: Expected indent 2, got 4
S004 L59: Line 59: Scenario should not be indented
S006 L59: Scenario name too long (93 > 80)
S004 L60: Line 60: Expected indent 2, got 4
S004 L61: Line 61: Expected indent 2, got 4
S004 L62: Line 62: Expected indent 2, got 4
S004 L63: Line 63: Expected indent 2, got 4
S004 L64: Line 64: Expected indent 2, got 4
S004 L65: Line 65: Expected indent 2, got 4
S004 L66: Line 66: Expected indent 2, got 4
S004 L69: Line 69: Scenario should not be indented
S006 L69: Scenario name too long (96 > 80)
S004 L70: Line 70: Expected indent 2, got 4
S004 L71: Line 71: Expected indent 2, got 4
S004 L72: Line 72: Expected indent 2, got 4
S004 L73: Line 73: Expected indent 2, got 4
S004 L74: Line 74: Expected indent 2, got 4
S004 L75: Line 75: Expected indent 2, got 4
S004 L76: Line 76: Expected indent 2, got 4
S004 L77: Line 77: Expected indent 2, got 4",64,"0     File names should be written in kebab-case e.g. ""apigateway-an-api-gateway-api-deployment-is-created.feature""    file-name
29    Scenario name is too long. Length of 109 is longer than the maximum allowed: 80                                  name-length
35    Scenario name is too long. Length of 127 is longer than the maximum allowed: 80                                  name-length
42    Scenario name is too long. Length of 101 is longer than the maximum allowed: 80                                  name-length
50    Scenario name is too long. Length of 131 is longer than the maximum allowed: 80                                  name-length
59    Scenario name is too long. Length of 93 is longer than the maximum allowed: 80                                   name-length
69    Scenario name is too long. Length of 96 is longer than the maximum allowed: 80                                   name-length",7,"FeatureFileWithMismatchedNameLinter
  Feature file name does not match feature name.
    /home/vaishnavkoka/RE4BDD/UnifiedBDDLinter-Artifact/artifacts/runs/full-2026-09-09/fixed/github-global-search/local-web-services-local-web-services/lang/specification/core/informal/apigateway/apigateway_an_api_gateway_api_deployment_is_created.feature
ElementWithCommonTagsLinter
  All tests in Feature have tag '@create_deployment'. Move tag to Feature level.
    /home/vaishnavkoka/RE4BDD/UnifiedBDDLinter-Artifact/artifacts/runs/full-2026-09-09/fixed/github-global-search/local-web-services-local-web-services/lang/specification/core/informal/apigateway/apigateway_an_api_gateway_api_deployment_is_created.feature:2
FeatureWithoutDescriptionLinter
  Feature has no description
    /home/vaishnavkoka/RE4BDD/UnifiedBDDLinter-Artifact/artifacts/runs/full-2026-09-09/fixed/github-global-search/local-web-services-local-web-services/lang/specification/core/informal/apigateway/apigateway_an_api_gateway_api_deployment_is_created.feature:2
TestWithTooManyStepsLinter
  Test has too many steps. 15 steps found (max 10).
    /home/vaishnavkoka/RE4BDD/UnifiedBDDLinter-Artifact/artifacts/runs/full-2026-09-09/fixed/github-global-search/local-web-services-local-web-services/lang/specification/core/informal/apigateway/apigateway_an_api_gateway_api_deployment_is_created.feature:11
StepWithTooManyCharactersLinter
  Step is too long. 89 characters found (max 80)
    /home/vaishnavkoka/RE4BDD/UnifiedBDDLinter-Artifact/artifacts/runs/full-2026-09-09/fixed/github-global-search/local-web-services-local-web-services/lang/specification/core/informal/apigateway/apigateway_an_api_gateway_api_deployment_is_created.feature:26",5,"W006 L11: Scenario ""an ""api gateway"" ""API"" deployment is created"" has 15 steps (> 10)
S006 L29: Scenario name too long (109 > 80)
S006 L35: Scenario name too long (127 > 80)
S006 L42: Scenario name too long (101 > 80)
S006 L50: Scenario name too long (131 > 80)
S006 L59: Scenario name too long (93 > 80)
S006 L69: Scenario name too long (96 > 80)",7,64,0
local-web-services-local-web-services,github-global-search/local-web-services-local-web-services/lang/specification/core/informal/apigateway/create_resource.feature,"0     File names should be written in kebab-case e.g. ""create-resource.feature""           file-name
2     Feature name is too long. Length of 99 is longer than the maximum allowed: 80       name-length
7     Wrong indentation for ""Background"", expected indentation level of 0, but got 2      indentation
8     Wrong indentation for ""Step"", expected indentation level of 2, but got 4            indentation
10    Wrong indentation for ""scenario tag"", expected indentation level of 0, but got 2    indentation
11    Wrong indentation for ""Scenario"", expected indentation level of 0, but got 2        indentation
11    Scenario name is too long. Length of 86 is longer than the maximum allowed: 80      name-length
12    Wrong indentation for ""Step"", expected indentation level of 2, but got 4            indentation
13    Wrong indentation for ""Step"", expected indentation level of 2, but got 4            indentation
14    Wrong indentation for ""Step"", expected indentation level of 2, but got 4            indentation
15    Wrong indentation for ""Step"", expected indentation level of 2, but got 4            indentation
16    Wrong indentation for ""Step"", expected indentation level of 2, but got 4            indentation
17    Wrong indentation for ""Step"", expected indentation level of 2, but got 4            indentation
18    Wrong indentation for ""Step"", expected indentation level of 2, but got 4            indentation
19    Wrong indentation for ""Step"", expected indentation level of 2, but got 4            indentation
20    Wrong indentation for ""Step"", expected indentation level of 2, but got 4            indentation
21    Wrong indentation for ""Step"", expected indentation level of 2, but got 4            indentation
22    Wrong indentation for ""Step"", expected indentation level of 2, but got 4            indentation
23    Wrong indentation for ""Step"", expected indentation level of 2, but got 4            indentation
25    Wrong indentation for ""scenario tag"", expected indentation level of 0, but got 2    indentation
26    Wrong indentation for ""Scenario"", expected indentation level of 0, but got 2        indentation
26    Scenario name is too long. Length of 152 is longer than the maximum allowed: 80     name-length
27    Wrong indentation for ""Step"", expected indentation level of 2, but got 4            indentation
28    Wrong indentation for ""Step"", expected indentation level of 2, but got 4            indentation
29    Wrong indentation for ""Step"", expected indentation level of 2, but got 4            indentation
31    Wrong indentation for ""scenario tag"", expected indentation level of 0, but got 2    indentation
32    Wrong indentation for ""Scenario"", expected indentation level of 0, but got 2        indentation
32    Scenario name is too long. Length of 147 is longer than the maximum allowed: 80     name-length
33    Wrong indentation for ""Step"", expected indentation level of 2, but got 4            indentation
34    Wrong indentation for ""Step"", expected indentation level of 2, but got 4            indentation
35    Wrong indentation for ""Step"", expected indentation level of 2, but got 4            indentation
36    Wrong indentation for ""Step"", expected indentation level of 2, but got 4            indentation
38    Wrong indentation for ""scenario tag"", expected indentation level of 0, but got 2    indentation
39    Wrong indentation for ""Scenario"", expected indentation level of 0, but got 2        indentation
39    Scenario name is too long. Length of 150 is longer than the maximum allowed: 80     name-length
40    Wrong indentation for ""Step"", expected indentation level of 2, but got 4            indentation
41    Wrong indentation for ""Step"", expected indentation level of 2, but got 4            indentation
42    Wrong indentation for ""Step"", expected indentation level of 2, but got 4            indentation
43    Wrong indentation for ""Step"", expected indentation level of 2, but got 4            indentation
44    Wrong indentation for ""Step"", expected indentation level of 2, but got 4            indentation",40,"FeatureFileWithMismatchedNameLinter
  Feature file name does not match feature name.
    /home/vaishnavkoka/RE4BDD/UnifiedBDDLinter-Artifact/work/corpus/github-global-search/local-web-services-local-web-services/lang/specification/core/informal/apigateway/create_resource.feature
ElementWithCommonTagsLinter
  All tests in Feature have tag '@create_resource'. Move tag to Feature level.
    /home/vaishnavkoka/RE4BDD/UnifiedBDDLinter-Artifact/work/corpus/github-global-search/local-web-services-local-web-services/lang/specification/core/informal/apigateway/create_resource.feature:2
FeatureWithoutDescriptionLinter
  Feature has no description
    /home/vaishnavkoka/RE4BDD/UnifiedBDDLinter-Artifact/work/corpus/github-global-search/local-web-services-local-web-services/lang/specification/core/informal/apigateway/create_resource.feature:2
TestWithTooManyStepsLinter
  Test has too many steps. 12 steps found (max 10).
    /home/vaishnavkoka/RE4BDD/UnifiedBDDLinter-Artifact/work/corpus/github-global-search/local-web-services-local-web-services/lang/specification/core/informal/apigateway/create_resource.feature:11
StepWithTooManyCharactersLinter
  Step is too long. 86 characters found (max 80)
    /home/vaishnavkoka/RE4BDD/UnifiedBDDLinter-Artifact/work/corpus/github-global-search/local-web-services-local-web-services/lang/specification/core/informal/apigateway/create_resource.feature:15
    /home/vaishnavkoka/RE4BDD/UnifiedBDDLinter-Artifact/work/corpus/github-global-search/local-web-services-local-web-services/lang/specification/core/informal/apigateway/create_resource.feature:28
    /home/vaishnavkoka/RE4BDD/UnifiedBDDLinter-Artifact/work/corpus/github-global-search/local-web-services-local-web-services/lang/specification/core/informal/apigateway/create_resource.feature:35
    /home/vaishnavkoka/RE4BDD/UnifiedBDDLinter-Artifact/work/corpus/github-global-search/local-web-services-local-web-services/lang/specification/core/informal/apigateway/create_resource.feature:43
  Step is too long. 89 characters found (max 80)
    /home/vaishnavkoka/RE4BDD/UnifiedBDDLinter-Artifact/work/corpus/github-global-search/local-web-services-local-web-services/lang/specification/core/informal/apigateway/create_resource.feature:23",9,"S006 L2: Feature name too long (99 > 80)
S004 L7: Line 7: Background should not be indented
S004 L8: Line 8: Expected indent 2, got 4
S004 L11: Line 11: Scenario should not be indented
S006 L11: Scenario name too long (86 > 80)
W006 L11: Scenario ""a child ""api gateway"" ""resource"" is created under an existing ""api gateway"" ""resource"""" has 12 steps (> 10)
S004 L12: Line 12: Expected indent 2, got 4
S004 L13: Line 13: Expected indent 2, got 4
S004 L14: Line 14: Expected indent 2, got 4
S004 L15: Line 15: Expected indent 2, got 4
S004 L16: Line 16: Expected indent 2, got 4
S004 L17: Line 17: Expected indent 2, got 4
S004 L18: Line 18: Expected indent 2, got 4
S004 L19: Line 19: Expected indent 2, got 4
S004 L20: Line 20: Expected indent 2, got 4
S004 L21: Line 21: Expected indent 2, got 4
S004 L22: Line 22: Expected indent 2, got 4
S004 L23: Line 23: Expected indent 2, got 4
S004 L26: Line 26: Scenario should not be indented
S006 L26: Scenario name too long (152 > 80)
S004 L27: Line 27: Expected indent 2, got 4
S004 L28: Line 28: Expected indent 2, got 4
S004 L29: Line 29: Expected indent 2, got 4
S004 L32: Line 32: Scenario should not be indented
S006 L32: Scenario name too long (147 > 80)
S004 L33: Line 33: Expected indent 2, got 4
S004 L34: Line 34: Expected indent 2, got 4
S004 L35: Line 35: Expected indent 2, got 4
S004 L36: Line 36: Expected indent 2, got 4
S004 L39: Line 39: Scenario should not be indented
S006 L39: Scenario name too long (150 > 80)
S004 L40: Line 40: Expected indent 2, got 4
S004 L41: Line 41: Expected indent 2, got 4
S004 L42: Line 42: Expected indent 2, got 4
S004 L43: Line 43: Expected indent 2, got 4
S004 L44: Line 44: Expected indent 2, got 4",36,"0     File names should be written in kebab-case e.g. ""apigateway-a-child-api-gateway-resource-is-created-under-an-existing-api-gateway-resource.feature""    file-name
2     Feature name is too long. Length of 99 is longer than the maximum allowed: 80                                                                          name-length
11    Scenario name is too long. Length of 86 is longer than the maximum allowed: 80                                                                         name-length
26    Scenario name is too long. Length of 152 is longer than the maximum allowed: 80                                                                        name-length
32    Scenario name is too long. Length of 147 is longer than the maximum allowed: 80                                                                        name-length
39    Scenario name is too long. Length of 150 is longer than the maximum allowed: 80                                                                        name-length",6,"FeatureFileWithMismatchedNameLinter
  Feature file name does not match feature name.
    /home/vaishnavkoka/RE4BDD/UnifiedBDDLinter-Artifact/artifacts/runs/full-2026-09-09/fixed/github-global-search/local-web-services-local-web-services/lang/specification/core/informal/apigateway/apigateway_a_child_api_gateway_resource_is_created_under_an_existing_api_gateway_resource.feature
ElementWithCommonTagsLinter
  All tests in Feature have tag '@create_resource'. Move tag to Feature level.
    /home/vaishnavkoka/RE4BDD/UnifiedBDDLinter-Artifact/artifacts/runs/full-2026-09-09/fixed/github-global-search/local-web-services-local-web-services/lang/specification/core/informal/apigateway/apigateway_a_child_api_gateway_resource_is_created_under_an_existing_api_gateway_resource.feature:2
FeatureWithoutDescriptionLinter
  Feature has no description
    /home/vaishnavkoka/RE4BDD/UnifiedBDDLinter-Artifact/artifacts/runs/full-2026-09-09/fixed/github-global-search/local-web-services-local-web-services/lang/specification/core/informal/apigateway/apigateway_a_child_api_gateway_resource_is_created_under_an_existing_api_gateway_resource.feature:2
TestWithTooManyStepsLinter
  Test has too many steps. 12 steps found (max 10).
    /home/vaishnavkoka/RE4BDD/UnifiedBDDLinter-Artifact/artifacts/runs/full-2026-09-09/fixed/github-global-search/local-web-services-local-web-services/lang/specification/core/informal/apigateway/apigateway_a_child_api_gateway_resource_is_created_under_an_existing_api_gateway_resource.feature:11
StepWithTooManyCharactersLinter
  Step is too long. 86 characters found (max 80)
    /home/vaishnavkoka/RE4BDD/UnifiedBDDLinter-Artifact/artifacts/runs/full-2026-09-09/fixed/github-global-search/local-web-services-local-web-services/lang/specification/core/informal/apigateway/apigateway_a_child_api_gateway_resource_is_created_under_an_existing_api_gateway_resource.feature:15
    /home/vaishnavkoka/RE4BDD/UnifiedBDDLinter-Artifact/artifacts/runs/full-2026-09-09/fixed/github-global-search/local-web-services-local-web-services/lang/specification/core/informal/apigateway/apigateway_a_child_api_gateway_resource_is_created_under_an_existing_api_gateway_resource.feature:28
    /home/vaishnavkoka/RE4BDD/UnifiedBDDLinter-Artifact/artifacts/runs/full-2026-09-09/fixed/github-global-search/local-web-services-local-web-services/lang/specification/core/informal/apigateway/apigateway_a_child_api_gateway_resource_is_created_under_an_existing_api_gateway_resource.feature:35
    /home/vaishnavkoka/RE4BDD/UnifiedBDDLinter-Artifact/artifacts/runs/full-2026-09-09/fixed/github-global-search/local-web-services-local-web-services/lang/specification/core/informal/apigateway/apigateway_a_child_api_gateway_resource_is_created_under_an_existing_api_gateway_resource.feature:43
  Step is too long. 89 characters found (max 80)
    /home/vaishnavkoka/RE4BDD/UnifiedBDDLinter-Artifact/artifacts/runs/full-2026-09-09/fixed/github-global-search/local-web-services-local-web-services/lang/specification/core/informal/apigateway/apigateway_a_child_api_gateway_resource_is_created_under_an_existing_api_gateway_resource.feature:23",9,"S006 L2: Feature name too long (99 > 80)
S006 L11: Scenario name too long (86 > 80)
W006 L11: Scenario ""a child ""api gateway"" ""resource"" is created under an existing ""api gateway"" ""resource"""" has 12 steps (> 10)
S006 L26: Scenario name too long (152 > 80)
S006 L32: Scenario name too long (147 > 80)
S006 L39: Scenario name too long (150 > 80)",6,34,0
maurafitz-coop-workshift-app,github-global-search/maurafitz-coop-workshift-app/features/features/log_in.feature,"0     File names should be written in kebab-case e.g. ""log-in.feature""                             file-name
13    Trailing spaces are not allowed                                                              no-trailing-spaces
16    Scenario ""a regular user tries to login"" contains 4 When statements (max 1)                  only-one-when
21    Trailing spaces are not allowed                                                              no-trailing-spaces
24    Scenario ""an admin user tries to login"" contains 4 When statements (max 1)                   only-one-when
30    Trailing spaces are not allowed                                                              no-trailing-spaces
33    Scenario ""Someone tries to login with bad credentials"" contains 4 When statements (max 1)    only-one-when",7,"FeatureFileWithMismatchedNameLinter
  Feature file name does not match feature name.
    /home/vaishnavkoka/RE4BDD/UnifiedBDDLinter-Artifact/work/corpus/github-global-search/maurafitz-coop-workshift-app/features/features/log_in.feature
TestShouldUseBackgroundLinter
  Test shares steps with all other tests in feature. Use a background.
    /home/vaishnavkoka/RE4BDD/UnifiedBDDLinter-Artifact/work/corpus/github-global-search/maurafitz-coop-workshift-app/features/features/log_in.feature:14
    /home/vaishnavkoka/RE4BDD/UnifiedBDDLinter-Artifact/work/corpus/github-global-search/maurafitz-coop-workshift-app/features/features/log_in.feature:22
    /home/vaishnavkoka/RE4BDD/UnifiedBDDLinter-Artifact/work/corpus/github-global-search/maurafitz-coop-workshift-app/features/features/log_in.feature:31",4,"S001 L13: Line 13 has trailing whitespace
S001 L21: Line 21 has trailing whitespace
S001 L30: Line 30 has trailing whitespace",3,"0     File names should be written in kebab-case e.g. ""log-in-to-the-application.feature""          file-name
16    Scenario ""a regular user tries to login"" contains 4 When statements (max 1)                  only-one-when
24    Scenario ""an admin user tries to login"" contains 4 When statements (max 1)                   only-one-when
33    Scenario ""Someone tries to login with bad credentials"" contains 4 When statements (max 1)    only-one-when",4,"TestShouldUseBackgroundLinter
  Test shares steps with all other tests in feature. Use a background.
    /home/vaishnavkoka/RE4BDD/UnifiedBDDLinter-Artifact/artifacts/runs/full-2026-09-09/fixed/github-global-search/maurafitz-coop-workshift-app/features/features/log_in_to_the_application.feature:14
    /home/vaishnavkoka/RE4BDD/UnifiedBDDLinter-Artifact/artifacts/runs/full-2026-09-09/fixed/github-global-search/maurafitz-coop-workshift-app/features/features/log_in_to_the_application.feature:22
    /home/vaishnavkoka/RE4BDD/UnifiedBDDLinter-Artifact/artifacts/runs/full-2026-09-09/fixed/github-global-search/maurafitz-coop-workshift-app/features/features/log_in_to_the_application.feature:31",3,,0,3,1
maurafitz-coop-workshift-app,github-global-search/maurafitz-coop-workshift-app/features/features/policy/set_policy.feature,"0     File names should be written in kebab-case e.g. ""set-policy.feature""                                         file-name
5     Trailing spaces are not allowed                                                                              no-trailing-spaces
6     Wrong indentation for ""Background"", expected indentation level of 0, but got 2                               indentation
7     Wrong indentation for ""Step"", expected indentation level of 2, but got 4                                     indentation
8     Wrong indentation for ""Step"", expected indentation level of 2, but got 4                                     indentation
10    Wrong indentation for ""Scenario"", expected indentation level of 0, but got 2                                 indentation
11    Wrong indentation for ""Step"", expected indentation level of 2, but got 4                                     indentation
12    Wrong indentation for ""Step"", expected indentation level of 2, but got 4                                     indentation
13    Wrong indentation for ""Step"", expected indentation level of 2, but got 4                                     indentation
13    Step ""When I fill in ""first_day"" with ""January 16, 2016"""" should not appear after step using keyword then    keywords-in-logical-order
13    Scenario ""An admin sets the policies for the semester"" contains 7 When statements (max 1)                    only-one-when
14    Wrong indentation for ""Step"", expected indentation level of 2, but got 4                                     indentation
14    Step ""When I fill in ""last_day"" with ""May 17, 2016"""" should not appear after step using keyword then         keywords-in-logical-order
15    Wrong indentation for ""Step"", expected indentation level of 2, but got 4                                     indentation
15    Step ""When I fill in ""fine_days"" with ""March 5, 2016"""" should not appear after step using keyword then       keywords-in-logical-order
16    Wrong indentation for ""Step"", expected indentation level of 2, but got 4                                     indentation
17    Wrong indentation for ""Step"", expected indentation level of 2, but got 4                                     indentation
18    Wrong indentation for ""Step"", expected indentation level of 2, but got 4                                     indentation
19    Wrong indentation for ""Step"", expected indentation level of 2, but got 4                                     indentation
20    Wrong indentation for ""Step"", expected indentation level of 2, but got 4                                     indentation
20    New line at EOF(end of file) is required                                                                     new-line-at-eof",21,"FeatureFileWithMismatchedNameLinter
  Feature file name does not match feature name.
    /home/vaishnavkoka/RE4BDD/UnifiedBDDLinter-Artifact/work/corpus/github-global-search/maurafitz-coop-workshift-app/features/features/policy/set_policy.feature
SingleTestBackgroundLinter
  Background used with only one test
    /home/vaishnavkoka/RE4BDD/UnifiedBDDLinter-Artifact/work/corpus/github-global-search/maurafitz-coop-workshift-app/features/features/policy/set_policy.feature:6",2,"S001 L5: Line 5 has trailing whitespace
S004 L6: Line 6: Background should not be indented
S004 L7: Line 7: Expected indent 2, got 4
S004 L8: Line 8: Expected indent 2, got 4
S004 L10: Line 10: Scenario should not be indented
S004 L11: Line 11: Expected indent 2, got 4
S004 L12: Line 12: Expected indent 2, got 4
S004 L13: Line 13: Expected indent 2, got 4
W001 L13: Scenario at line 10 has multiple When steps
W002 L13: When step after Then (wrong order)
S004 L14: Line 14: Expected indent 2, got 4
W001 L14: Scenario at line 10 has multiple When steps
S004 L15: Line 15: Expected indent 2, got 4
W001 L15: Scenario at line 10 has multiple When steps
S004 L16: Line 16: Expected indent 2, got 4
S004 L17: Line 17: Expected indent 2, got 4
S004 L18: Line 18: Expected indent 2, got 4
S004 L19: Line 19: Expected indent 2, got 4
S003 L20: File does not end with newline
S004 L20: Line 20: Expected indent 2, got 4",20,"0     File names should be written in kebab-case e.g. ""workshift-manager-set-semester-policies.feature""            file-name
13    Step ""When I fill in ""first_day"" with ""January 16, 2016"""" should not appear after step using keyword then    keywords-in-logical-order
13    Scenario ""An admin sets the policies for the semester"" contains 7 When statements (max 1)                    only-one-when
14    Step ""When I fill in ""last_day"" with ""May 17, 2016"""" should not appear after step using keyword then         keywords-in-logical-order
15    Step ""When I fill in ""fine_days"" with ""March 5, 2016"""" should not appear after step using keyword then       keywords-in-logical-order",5,"FeatureFileWithMismatchedNameLinter
  Feature file name does not match feature name.
    /home/vaishnavkoka/RE4BDD/UnifiedBDDLinter-Artifact/artifacts/runs/full-2026-09-09/fixed/github-global-search/maurafitz-coop-workshift-app/features/features/policy/workshift_manager_set_semester_policies.feature
SingleTestBackgroundLinter
  Background used with only one test
    /home/vaishnavkoka/RE4BDD/UnifiedBDDLinter-Artifact/artifacts/runs/full-2026-09-09/fixed/github-global-search/maurafitz-coop-workshift-app/features/features/policy/workshift_manager_set_semester_policies.feature:6",2,"W001 L13: Scenario at line 10 has multiple When steps
W002 L13: When step after Then (wrong order)
W001 L14: Scenario at line 10 has multiple When steps
W001 L15: Scenario at line 10 has multiple When steps",4,16,0
projectestac-alexandria,github-global-search/projectestac-alexandria/html/admin/roles/tests/behat/override_roles_highlighting.feature,"0     File names should be written in kebab-case e.g. ""override-roles-highlighting.feature""    file-name
7     Wrong indentation for ""Background"", expected indentation level of 0, but got 2           indentation
8     Wrong indentation for ""Step"", expected indentation level of 2, but got 4                 indentation
11    Wrong indentation for ""Step"", expected indentation level of 2, but got 4                 indentation
13    Wrong indentation for ""scenario tag"", expected indentation level of 0, but got 2         indentation
14    Wrong indentation for ""Scenario"", expected indentation level of 0, but got 2             indentation
15    Wrong indentation for ""Step"", expected indentation level of 2, but got 4                 indentation
16    Wrong indentation for ""Step"", expected indentation level of 2, but got 4                 indentation
17    Wrong indentation for ""Step"", expected indentation level of 2, but got 4                 indentation
18    Wrong indentation for ""Step"", expected indentation level of 2, but got 4                 indentation
18    Step name is too long. Length of 106 is longer than the maximum allowed: 100             name-length
19    Wrong indentation for ""Step"", expected indentation level of 2, but got 4                 indentation
20    Wrong indentation for ""Step"", expected indentation level of 2, but got 4                 indentation
21    Wrong indentation for ""Step"", expected indentation level of 2, but got 4                 indentation
21    Step name is too long. Length of 132 is longer than the maximum allowed: 100             name-length",15,"FeatureFileWithMismatchedNameLinter
  Feature file name does not match feature name.
    /home/vaishnavkoka/RE4BDD/UnifiedBDDLinter-Artifact/work/corpus/github-global-search/projectestac-alexandria/html/admin/roles/tests/behat/override_roles_highlighting.feature
TestWithNoActionStepLinter
  Test does not have a 'When' step.
    /home/vaishnavkoka/RE4BDD/UnifiedBDDLinter-Artifact/work/corpus/github-global-search/projectestac-alexandria/html/admin/roles/tests/behat/override_roles_highlighting.feature:14
StepWithTooManyCharactersLinter
  Step is too long. 106 characters found (max 80)
    /home/vaishnavkoka/RE4BDD/UnifiedBDDLinter-Artifact/work/corpus/github-global-search/projectestac-alexandria/html/admin/roles/tests/behat/override_roles_highlighting.feature:18
  Step is too long. 132 characters found (max 80)
    /home/vaishnavkoka/RE4BDD/UnifiedBDDLinter-Artifact/work/corpus/github-global-search/projectestac-alexandria/html/admin/roles/tests/behat/override_roles_highlighting.feature:21
SingleTestBackgroundLinter
  Background used with only one test
    /home/vaishnavkoka/RE4BDD/UnifiedBDDLinter-Artifact/work/corpus/github-global-search/projectestac-alexandria/html/admin/roles/tests/behat/override_roles_highlighting.feature:7",5,"S004 L7: Line 7: Background should not be indented
S004 L8: Line 8: Expected indent 2, got 4
S004 L11: Line 11: Expected indent 2, got 4
S004 L14: Line 14: Scenario should not be indented
S004 L15: Line 15: Expected indent 2, got 4
S004 L16: Line 16: Expected indent 2, got 4
S004 L17: Line 17: Expected indent 2, got 4
S004 L18: Line 18: Expected indent 2, got 4
S006 L18: Step too long (110 > 100)
S004 L19: Line 19: Expected indent 2, got 4
S004 L20: Line 20: Expected indent 2, got 4
S004 L21: Line 21: Expected indent 2, got 4
S006 L21: Step too long (137 > 100)",13,"0     File names should be written in kebab-case e.g. ""highlight-non-inherited-permissions.feature""    file-name
18    Step name is too long. Length of 106 is longer than the maximum allowed: 100                     name-length
21    Step name is too long. Length of 132 is longer than the maximum allowed: 100                     name-length",3,"TestWithNoActionStepLinter
  Test does not have a 'When' step.
    /home/vaishnavkoka/RE4BDD/UnifiedBDDLinter-Artifact/artifacts/runs/full-2026-09-09/fixed/github-global-search/projectestac-alexandria/html/admin/roles/tests/behat/highlight_non_inherited_permissions.feature:14
StepWithTooManyCharactersLinter
  Step is too long. 106 characters found (max 80)
    /home/vaishnavkoka/RE4BDD/UnifiedBDDLinter-Artifact/artifacts/runs/full-2026-09-09/fixed/github-global-search/projectestac-alexandria/html/admin/roles/tests/behat/highlight_non_inherited_permissions.feature:18
  Step is too long. 132 characters found (max 80)
    /home/vaishnavkoka/RE4BDD/UnifiedBDDLinter-Artifact/artifacts/runs/full-2026-09-09/fixed/github-global-search/projectestac-alexandria/html/admin/roles/tests/behat/highlight_non_inherited_permissions.feature:21
SingleTestBackgroundLinter
  Background used with only one test
    /home/vaishnavkoka/RE4BDD/UnifiedBDDLinter-Artifact/artifacts/runs/full-2026-09-09/fixed/github-global-search/projectestac-alexandria/html/admin/roles/tests/behat/highlight_non_inherited_permissions.feature:7",4,"S006 L18: Step too long (110 > 100)
S006 L21: Step too long (137 > 100)",2,12,1
projectestac-alexandria,github-global-search/projectestac-alexandria/html/admin/tests/behat/browse_users.feature,"0     File names should be written in kebab-case e.g. ""browse-users.feature""                      file-name
7     Wrong indentation for ""Background"", expected indentation level of 0, but got 2              indentation
8     Wrong indentation for ""Step"", expected indentation level of 2, but got 4                    indentation
11    Wrong indentation for ""Step"", expected indentation level of 2, but got 4                    indentation
15    Wrong indentation for ""Step"", expected indentation level of 2, but got 4                    indentation
17    Wrong indentation for ""Scenario"", expected indentation level of 0, but got 2                indentation
18    Wrong indentation for ""Step"", expected indentation level of 2, but got 4                    indentation
20    Wrong indentation for ""Step"", expected indentation level of 2, but got 4                    indentation
25    Wrong indentation for ""Step"", expected indentation level of 2, but got 4                    indentation
26    Wrong indentation for ""Step"", expected indentation level of 2, but got 4                    indentation
27    Wrong indentation for ""Step"", expected indentation level of 2, but got 4                    indentation
28    Wrong indentation for ""Step"", expected indentation level of 2, but got 4                    indentation
29    Wrong indentation for ""Step"", expected indentation level of 2, but got 4                    indentation
30    Wrong indentation for ""Step"", expected indentation level of 2, but got 4                    indentation
32    Wrong indentation for ""Scenario"", expected indentation level of 0, but got 2                indentation
33    Wrong indentation for ""Step"", expected indentation level of 2, but got 4                    indentation
35    Wrong indentation for ""Step"", expected indentation level of 2, but got 4                    indentation
36    Wrong indentation for ""Step"", expected indentation level of 2, but got 4                    indentation
41    Wrong indentation for ""Scenario"", expected indentation level of 0, but got 2                indentation
42    Wrong indentation for ""Step"", expected indentation level of 2, but got 4                    indentation
44    Wrong indentation for ""Step"", expected indentation level of 2, but got 4                    indentation
45    Wrong indentation for ""Step"", expected indentation level of 2, but got 4                    indentation
49    Wrong indentation for ""Step"", expected indentation level of 2, but got 4                    indentation
50    Wrong indentation for ""Step"", expected indentation level of 2, but got 4                    indentation
52    Wrong indentation for ""Scenario"", expected indentation level of 0, but got 2                indentation
53    Wrong indentation for ""Step"", expected indentation level of 2, but got 4                    indentation
55    Wrong indentation for ""Step"", expected indentation level of 2, but got 4                    indentation
56    Wrong indentation for ""Step"", expected indentation level of 2, but got 4                    indentation
56    Scenario ""Sort user accounts by custom profile field"" contains 2 When statements (max 1)    only-one-when
57    Wrong indentation for ""Step"", expected indentation level of 2, but got 4                    indentation
58    Wrong indentation for ""Step"", expected indentation level of 2, but got 4                    indentation
59    Wrong indentation for ""Step"", expected indentation level of 2, but got 4                    indentation",32,"FeatureFileWithMismatchedNameLinter
  Feature file name does not match feature name.
    /home/vaishnavkoka/RE4BDD/UnifiedBDDLinter-Artifact/work/corpus/github-global-search/projectestac-alexandria/html/admin/tests/behat/browse_users.feature",1,"S004 L7: Line 7: Background should not be indented
S004 L8: Line 8: Expected indent 2, got 4
S004 L11: Line 11: Expected indent 2, got 4
S004 L15: Line 15: Expected indent 2, got 4
S004 L17: Line 17: Scenario should not be indented
S004 L18: Line 18: Expected indent 2, got 4
S004 L20: Line 20: Expected indent 2, got 4
S004 L25: Line 25: Expected indent 2, got 4
S004 L26: Line 26: Expected indent 2, got 4
S004 L27: Line 27: Expected indent 2, got 4
S004 L28: Line 28: Expected indent 2, got 4
S004 L29: Line 29: Expected indent 2, got 4
S004 L30: Line 30: Expected indent 2, got 4
S004 L32: Line 32: Scenario should not be indented
S004 L33: Line 33: Expected indent 2, got 4
S004 L35: Line 35: Expected indent 2, got 4
S004 L36: Line 36: Expected indent 2, got 4
S004 L41: Line 41: Scenario should not be indented
S004 L42: Line 42: Expected indent 2, got 4
S004 L44: Line 44: Expected indent 2, got 4
S004 L45: Line 45: Expected indent 2, got 4
S004 L49: Line 49: Expected indent 2, got 4
S004 L50: Line 50: Expected indent 2, got 4
S004 L52: Line 52: Scenario should not be indented
S004 L53: Line 53: Expected indent 2, got 4
S004 L55: Line 55: Expected indent 2, got 4
S004 L56: Line 56: Expected indent 2, got 4
S004 L57: Line 57: Expected indent 2, got 4
S004 L58: Line 58: Expected indent 2, got 4
S004 L59: Line 59: Expected indent 2, got 4",30,"0     File names should be written in kebab-case e.g. ""an-administrator-can-browse-user-accounts.feature""    file-name
56    Scenario ""Sort user accounts by custom profile field"" contains 2 When statements (max 1)               only-one-when",2,,0,,0,30,1
reqnroll-Reqnroll.ExploratoryTestProjects,github-global-search/reqnroll-Reqnroll.ExploratoryTestProjects/BigReqnrollProject/AvgReqnrollProject/Features/FeatureFile01a4d5f4cce5488eb71f36baa677afc2.feature,"0      File names should be written in kebab-case e.g. ""feature-file-01-a-4-d-5-f-4-cce-5488-eb-71-f-36-baa-677-afc-2.feature""    file-name
4      Multiple empty lines are not allowed                                                                                       no-multiple-empty-lines
5      Multiple empty lines are not allowed                                                                                       no-multiple-empty-lines
6      Wrong indentation for ""Scenario"", expected indentation level of 0, but got 2                                               indentation
9      Wrong indentation for ""Step"", expected indentation level of 2, but got 3                                                   indentation
10     Wrong indentation for ""Step"", expected indentation level of 2, but got 3                                                   indentation
11     Wrong indentation for ""Step"", expected indentation level of 2, but got 3                                                   indentation
12     Wrong indentation for ""Step"", expected indentation level of 2, but got 3                                                   indentation
13     Wrong indentation for ""Step"", expected indentation level of 2, but got 3                                                   indentation
14     Wrong indentation for ""Step"", expected indentation level of 2, but got 3                                                   indentation
14     Scenario ""Scenario #29_0"" contains 4 When statements (max 1)                                                               only-one-when
15     Wrong indentation for ""Step"", expected indentation level of 2, but got 3                                                   indentation
16     Wrong indentation for ""Step"", expected indentation level of 2, but got 3                                                   indentation
17     Wrong indentation for ""Step"", expected indentation level of 2, but got 3                                                   indentation
18     Wrong indentation for ""Step"", expected indentation level of 2, but got 3                                                   indentation
19     Wrong indentation for ""Step"", expected indentation level of 2, but got 3                                                   indentation
20     Wrong indentation for ""Step"", expected indentation level of 2, but got 3                                                   indentation
22     Wrong indentation for ""Scenario"", expected indentation level of 0, but got 2                                               indentation
25     Wrong indentation for ""Step"", expected indentation level of 2, but got 3                                                   indentation
26     Wrong indentation for ""Step"", expected indentation level of 2, but got 3                                                   indentation
27     Wrong indentation for ""Step"", expected indentation level of 2, but got 3                                                   indentation
28     Wrong indentation for ""Step"", expected indentation level of 2, but got 3                                                   indentation
29     Wrong indentation for ""Step"", expected indentation level of 2, but got 3                                                   indentation
30     Wrong indentation for ""Step"", expected indentation level of 2, but got 3                                                   indentation
30     Scenario ""Scenario #29_1"" contains 4 When statements (max 1)                                                               only-one-when
31     Wrong indentation for ""Step"", expected indentation level of 2, but got 3                                                   indentation
32     Wrong indentation for ""Step"", expected indentation level of 2, but got 3                                                   indentation
33     Wrong indentation for ""Step"", expected indentation level of 2, but got 3                                                   indentation
34     Wrong indentation for ""Step"", expected indentation level of 2, but got 3                                                   indentation
35     Wrong indentation for ""Step"", expected indentation level of 2, but got 3                                                   indentation
36     Wrong indentation for ""Step"", expected indentation level of 2, but got 3                                                   indentation
38     Wrong indentation for ""Scenario"", expected indentation level of 0, but got 2                                               indentation
41     Wrong indentation for ""Step"", expected indentation level of 2, but got 3                                                   indentation
42     Wrong indentation for ""Step"", expected indentation level of 2, but got 3                                                   indentation
43     Wrong indentation for ""Step"", expected indentation level of 2, but got 3                                                   indentation
44     Wrong indentation for ""Step"", expected indentation level of 2, but got 3                                                   indentation
45     Wrong indentation for ""Step"", expected indentation level of 2, but got 3                                                   indentation
46     Wrong indentation for ""Step"", expected indentation level of 2, but got 3                                                   indentation
46     Scenario ""Scenario #29_2"" contains 4 When statements (max 1)                                                               only-one-when
47     Wrong indentation for ""Step"", expected indentation level of 2, but got 3                                                   indentation
48     Wrong indentation for ""Step"", expected indentation level of 2, but got 3                                                   indentation
49     Wrong indentation for ""Step"", expected indentation level of 2, but got 3                                                   indentation
50     Wrong indentation for ""Step"", expected indentation level of 2, but got 3                                                   indentation
51     Wrong indentation for ""Step"", expected indentation level of 2, but got 3                                                   indentation
52     Wrong indentation for ""Step"", expected indentation level of 2, but got 3                                                   indentation
54     Wrong indentation for ""Scenario"", expected indentation level of 0, but got 2                                               indentation
57     Wrong indentation for ""Step"", expected indentation level of 2, but got 3                                                   indentation
58     Wrong indentation for ""Step"", expected indentation level of 2, but got 3                                                   indentation
59     Wrong indentation for ""Step"", expected indentation level of 2, but got 3                                                   indentation
60     Wrong indentation for ""Step"", expected indentation level of 2, but got 3                                                   indentation
61     Wrong indentation for ""Step"", expected indentation level of 2, but got 3                                                   indentation
62     Wrong indentation for ""Step"", expected indentation level of 2, but got 3                                                   indentation
62     Scenario ""Scenario #29_3"" contains 4 When statements (max 1)                                                               only-one-when
63     Wrong indentation for ""Step"", expected indentation level of 2, but got 3                                                   indentation
64     Wrong indentation for ""Step"", expected indentation level of 2, but got 3                                                   indentation
65     Wrong indentation for ""Step"", expected indentation level of 2, but got 3                                                   indentation
66     Wrong indentation for ""Step"", expected indentation level of 2, but got 3                                                   indentation
67     Wrong indentation for ""Step"", expected indentation level of 2, but got 3                                                   indentation
68     Wrong indentation for ""Step"", expected indentation level of 2, but got 3                                                   indentation
70     Wrong indentation for ""Scenario"", expected indentation level of 0, but got 2                                               indentation
73     Wrong indentation for ""Step"", expected indentation level of 2, but got 3                                                   indentation
74     Wrong indentation for ""Step"", expected indentation level of 2, but got 3                                                   indentation
75     Wrong indentation for ""Step"", expected indentation level of 2, but got 3                                                   indentation
76     Wrong indentation for ""Step"", expected indentation level of 2, but got 3                                                   indentation
77     Wrong indentation for ""Step"", expected indentation level of 2, but got 3                                                   indentation
78     Wrong indentation for ""Step"", expected indentation level of 2, but got 3                                                   indentation
78     Scenario ""Scenario #29_4"" contains 4 When statements (max 1)                                                               only-one-when
79     Wrong indentation for ""Step"", expected indentation level of 2, but got 3                                                   indentation
80     Wrong indentation for ""Step"", expected indentation level of 2, but got 3                                                   indentation
81     Wrong indentation for ""Step"", expected indentation level of 2, but got 3                                                   indentation
82     Wrong indentation for ""Step"", expected indentation level of 2, but got 3                                                   indentation
83     Wrong indentation for ""Step"", expected indentation level of 2, but got 3                                                   indentation
84     Wrong indentation for ""Step"", expected indentation level of 2, but got 3                                                   indentation
86     Wrong indentation for ""Scenario"", expected indentation level of 0, but got 2                                               indentation
89     Wrong indentation for ""Step"", expected indentation level of 2, but got 3                                                   indentation
90     Wrong indentation for ""Step"", expected indentation level of 2, but got 3                                                   indentation
91     Wrong indentation for ""Step"", expected indentation level of 2, but got 3                                                   indentation
92     Wrong indentation for ""Step"", expected indentation level of 2, but got 3                                                   indentation
93     Wrong indentation for ""Step"", expected indentation level of 2, but got 3                                                   indentation
94     Wrong indentation for ""Step"", expected indentation level of 2, but got 3                                                   indentation
94     Scenario ""Scenario #29_5"" contains 4 When statements (max 1)                                                               only-one-when
95     Wrong indentation for ""Step"", expected indentation level of 2, but got 3                                                   indentation
96     Wrong indentation for ""Step"", expected indentation level of 2, but got 3                                                   indentation
97     Wrong indentation for ""Step"", expected indentation level of 2, but got 3                                                   indentation
98     Wrong indentation for ""Step"", expected indentation level of 2, but got 3                                                   indentation
99     Wrong indentation for ""Step"", expected indentation level of 2, but got 3                                                   indentation
100    Wrong indentation for ""Step"", expected indentation level of 2, but got 3                                                   indentation
102    Wrong indentation for ""Scenario"", expected indentation level of 0, but got 2                                               indentation
105    Wrong indentation for ""Step"", expected indentation level of 2, but got 3                                                   indentation
106    Wrong indentation for ""Step"", expected indentation level of 2, but got 3                                                   indentation
107    Wrong indentation for ""Step"", expected indentation level of 2, but got 3                                                   indentation
108    Wrong indentation for ""Step"", expected indentation level of 2, but got 3                                                   indentation
109    Wrong indentation for ""Step"", expected indentation level of 2, but got 3                                                   indentation
110    Wrong indentation for ""Step"", expected indentation level of 2, but got 3                                                   indentation
110    Scenario ""Scenario #29_6"" contains 4 When statements (max 1)                                                               only-one-when
111    Wrong indentation for ""Step"", expected indentation level of 2, but got 3                                                   indentation
112    Wrong indentation for ""Step"", expected indentation level of 2, but got 3                                                   indentation
113    Wrong indentation for ""Step"", expected indentation level of 2, but got 3                                                   indentation
114    Wrong indentation for ""Step"", expected indentation level of 2, but got 3                                                   indentation
115    Wrong indentation for ""Step"", expected indentation level of 2, but got 3                                                   indentation
116    Wrong indentation for ""Step"", expected indentation level of 2, but got 3                                                   indentation
118    Wrong indentation for ""Scenario"", expected indentation level of 0, but got 2                                               indentation
121    Wrong indentation for ""Step"", expected indentation level of 2, but got 3                                                   indentation
122    Wrong indentation for ""Step"", expected indentation level of 2, but got 3                                                   indentation
123    Wrong indentation for ""Step"", expected indentation level of 2, but got 3                                                   indentation
124    Wrong indentation for ""Step"", expected indentation level of 2, but got 3                                                   indentation
125    Wrong indentation for ""Step"", expected indentation level of 2, but got 3                                                   indentation
126    Wrong indentation for ""Step"", expected indentation level of 2, but got 3                                                   indentation
126    Scenario ""Scenario #29_7"" contains 4 When statements (max 1)                                                               only-one-when
127    Wrong indentation for ""Step"", expected indentation level of 2, but got 3                                                   indentation
128    Wrong indentation for ""Step"", expected indentation level of 2, but got 3                                                   indentation
129    Wrong indentation for ""Step"", expected indentation level of 2, but got 3                                                   indentation
130    Wrong indentation for ""Step"", expected indentation level of 2, but got 3                                                   indentation
131    Wrong indentation for ""Step"", expected indentation level of 2, but got 3                                                   indentation
132    Wrong indentation for ""Step"", expected indentation level of 2, but got 3                                                   indentation
134    Wrong indentation for ""Scenario"", expected indentation level of 0, but got 2                                               indentation
137    Wrong indentation for ""Step"", expected indentation level of 2, but got 3                                                   indentation
138    Wrong indentation for ""Step"", expected indentation level of 2, but got 3                                                   indentation
139    Wrong indentation for ""Step"", expected indentation level of 2, but got 3                                                   indentation
140    Wrong indentation for ""Step"", expected indentation level of 2, but got 3                                                   indentation
141    Wrong indentation for ""Step"", expected indentation level of 2, but got 3                                                   indentation
142    Wrong indentation for ""Step"", expected indentation level of 2, but got 3                                                   indentation
142    Scenario ""Scenario #29_8"" contains 4 When statements (max 1)                                                               only-one-when
143    Wrong indentation for ""Step"", expected indentation level of 2, but got 3                                                   indentation
144    Wrong indentation for ""Step"", expected indentation level of 2, but got 3                                                   indentation
145    Wrong indentation for ""Step"", expected indentation level of 2, but got 3                                                   indentation
146    Wrong indentation for ""Step"", expected indentation level of 2, but got 3                                                   indentation
147    Wrong indentation for ""Step"", expected indentation level of 2, but got 3                                                   indentation
148    Wrong indentation for ""Step"", expected indentation level of 2, but got 3                                                   indentation
150    Wrong indentation for ""Scenario"", expected indentation level of 0, but got 2                                               indentation
153    Wrong indentation for ""Step"", expected indentation level of 2, but got 3                                                   indentation
154    Wrong indentation for ""Step"", expected indentation level of 2, but got 3                                                   indentation
155    Wrong indentation for ""Step"", expected indentation level of 2, but got 3                                                   indentation
156    Wrong indentation for ""Step"", expected indentation level of 2, but got 3                                                   indentation
157    Wrong indentation for ""Step"", expected indentation level of 2, but got 3                                                   indentation
158    Wrong indentation for ""Step"", expected indentation level of 2, but got 3                                                   indentation
158    Scenario ""Scenario #29_9"" contains 4 When statements (max 1)                                                               only-one-when
159    Wrong indentation for ""Step"", expected indentation level of 2, but got 3                                                   indentation
160    Wrong indentation for ""Step"", expected indentation level of 2, but got 3                                                   indentation
161    Wrong indentation for ""Step"", expected indentation level of 2, but got 3                                                   indentation
162    Wrong indentation for ""Step"", expected indentation level of 2, but got 3                                                   indentation
163    Wrong indentation for ""Step"", expected indentation level of 2, but got 3                                                   indentation
164    Wrong indentation for ""Step"", expected indentation level of 2, but got 3                                                   indentation",143,"FeatureFileWithInvalidNameLinter
  Feature files should be snake_cased.
    /home/vaishnavkoka/RE4BDD/UnifiedBDDLinter-Artifact/work/corpus/github-global-search/reqnroll-Reqnroll.ExploratoryTestProjects/BigReqnrollProject/AvgReqnrollProject/Features/FeatureFile01a4d5f4cce5488eb71f36baa677afc2.feature
FeatureFileWithMismatchedNameLinter
  Feature file name does not match feature name.
    /home/vaishnavkoka/RE4BDD/UnifiedBDDLinter-Artifact/work/corpus/github-global-search/reqnroll-Reqnroll.ExploratoryTestProjects/BigReqnrollProject/AvgReqnrollProject/Features/FeatureFile01a4d5f4cce5488eb71f36baa677afc2.feature
TestShouldUseBackgroundLinter
  Test shares steps with all other tests in feature. Use a background.
    /home/vaishnavkoka/RE4BDD/UnifiedBDDLinter-Artifact/work/corpus/github-global-search/reqnroll-Reqnroll.ExploratoryTestProjects/BigReqnrollProject/AvgReqnrollProject/Features/FeatureFile01a4d5f4cce5488eb71f36baa677afc2.feature:6
    /home/vaishnavkoka/RE4BDD/UnifiedBDDLinter-Artifact/work/corpus/github-global-search/reqnroll-Reqnroll.ExploratoryTestProjects/BigReqnrollProject/AvgReqnrollProject/Features/FeatureFile01a4d5f4cce5488eb71f36baa677afc2.feature:22
    /home/vaishnavkoka/RE4BDD/UnifiedBDDLinter-Artifact/work/corpus/github-global-search/reqnroll-Reqnroll.ExploratoryTestProjects/BigReqnrollProject/AvgReqnrollProject/Features/FeatureFile01a4d5f4cce5488eb71f36baa677afc2.feature:38
    /home/vaishnavkoka/RE4BDD/UnifiedBDDLinter-Artifact/work/corpus/github-global-search/reqnroll-Reqnroll.ExploratoryTestProjects/BigReqnrollProject/AvgReqnrollProject/Features/FeatureFile01a4d5f4cce5488eb71f36baa677afc2.feature:54
    /home/vaishnavkoka/RE4BDD/UnifiedBDDLinter-Artifact/work/corpus/github-global-search/reqnroll-Reqnroll.ExploratoryTestProjects/BigReqnrollProject/AvgReqnrollProject/Features/FeatureFile01a4d5f4cce5488eb71f36baa677afc2.feature:70
    /home/vaishnavkoka/RE4BDD/UnifiedBDDLinter-Artifact/work/corpus/github-global-search/reqnroll-Reqnroll.ExploratoryTestProjects/BigReqnrollProject/AvgReqnrollProject/Features/FeatureFile01a4d5f4cce5488eb71f36baa677afc2.feature:86
    /home/vaishnavkoka/RE4BDD/UnifiedBDDLinter-Artifact/work/corpus/github-global-search/reqnroll-Reqnroll.ExploratoryTestProjects/BigReqnrollProject/AvgReqnrollProject/Features/FeatureFile01a4d5f4cce5488eb71f36baa677afc2.feature:102
    /home/vaishnavkoka/RE4BDD/UnifiedBDDLinter-Artifact/work/corpus/github-global-search/reqnroll-Reqnroll.ExploratoryTestProjects/BigReqnrollProject/AvgReqnrollProject/Features/FeatureFile01a4d5f4cce5488eb71f36baa677afc2.feature:118
    /home/vaishnavkoka/RE4BDD/UnifiedBDDLinter-Artifact/work/corpus/github-global-search/reqnroll-Reqnroll.ExploratoryTestProjects/BigReqnrollProject/AvgReqnrollProject/Features/FeatureFile01a4d5f4cce5488eb71f36baa677afc2.feature:134
    /home/vaishnavkoka/RE4BDD/UnifiedBDDLinter-Artifact/work/corpus/github-global-search/reqnroll-Reqnroll.ExploratoryTestProjects/BigReqnrollProject/AvgReqnrollProject/Features/FeatureFile01a4d5f4cce5488eb71f36baa677afc2.feature:150
TestWithTooManyStepsLinter
  Test has too many steps. 12 steps found (max 10).
    /home/vaishnavkoka/RE4BDD/UnifiedBDDLinter-Artifact/work/corpus/github-global-search/reqnroll-Reqnroll.ExploratoryTestProjects/BigReqnrollProject/AvgReqnrollProject/Features/FeatureFile01a4d5f4cce5488eb71f36baa677afc2.feature:6
    /home/vaishnavkoka/RE4BDD/UnifiedBDDLinter-Artifact/work/corpus/github-global-search/reqnroll-Reqnroll.ExploratoryTestProjects/BigReqnrollProject/AvgReqnrollProject/Features/FeatureFile01a4d5f4cce5488eb71f36baa677afc2.feature:22
    /home/vaishnavkoka/RE4BDD/UnifiedBDDLinter-Artifact/work/corpus/github-global-search/reqnroll-Reqnroll.ExploratoryTestProjects/BigReqnrollProject/AvgReqnrollProject/Features/FeatureFile01a4d5f4cce5488eb71f36baa677afc2.feature:38
    /home/vaishnavkoka/RE4BDD/UnifiedBDDLinter-Artifact/work/corpus/github-global-search/reqnroll-Reqnroll.ExploratoryTestProjects/BigReqnrollProject/AvgReqnrollProject/Features/FeatureFile01a4d5f4cce5488eb71f36baa677afc2.feature:54
    /home/vaishnavkoka/RE4BDD/UnifiedBDDLinter-Artifact/work/corpus/github-global-search/reqnroll-Reqnroll.ExploratoryTestProjects/BigReqnrollProject/AvgReqnrollProject/Features/FeatureFile01a4d5f4cce5488eb71f36baa677afc2.feature:70
    /home/vaishnavkoka/RE4BDD/UnifiedBDDLinter-Artifact/work/corpus/github-global-search/reqnroll-Reqnroll.ExploratoryTestProjects/BigReqnrollProject/AvgReqnrollProject/Features/FeatureFile01a4d5f4cce5488eb71f36baa677afc2.feature:86
    /home/vaishnavkoka/RE4BDD/UnifiedBDDLinter-Artifact/work/corpus/github-global-search/reqnroll-Reqnroll.ExploratoryTestProjects/BigReqnrollProject/AvgReqnrollProject/Features/FeatureFile01a4d5f4cce5488eb71f36baa677afc2.feature:102
    /home/vaishnavkoka/RE4BDD/UnifiedBDDLinter-Artifact/work/corpus/github-global-search/reqnroll-Reqnroll.ExploratoryTestProjects/BigReqnrollProject/AvgReqnrollProject/Features/FeatureFile01a4d5f4cce5488eb71f36baa677afc2.feature:118
    /home/vaishnavkoka/RE4BDD/UnifiedBDDLinter-Artifact/work/corpus/github-global-search/reqnroll-Reqnroll.ExploratoryTestProjects/BigReqnrollProject/AvgReqnrollProject/Features/FeatureFile01a4d5f4cce5488eb71f36baa677afc2.feature:134
    /home/vaishnavkoka/RE4BDD/UnifiedBDDLinter-Artifact/work/corpus/github-global-search/reqnroll-Reqnroll.ExploratoryTestProjects/BigReqnrollProject/AvgReqnrollProject/Features/FeatureFile01a4d5f4cce5488eb71f36baa677afc2.feature:150",22,"S005 L1: Invalid filename: FeatureFile01a4d5f4cce5488eb71f36baa677afc2.feature
S002 L4: Multiple empty lines at 4
S002 L5: Multiple empty lines at 5
S004 L6: Line 6: Scenario should not be indented
W006 L6: Scenario ""Scenario #29_0"" has 12 steps (> 10)
S004 L9: Line 9: Expected indent 2, got 3
S004 L10: Line 10: Expected indent 2, got 3
S004 L11: Line 11: Expected indent 2, got 3
S004 L12: Line 12: Expected indent 2, got 3
S004 L13: Line 13: Expected indent 2, got 3
S004 L14: Line 14: Expected indent 2, got 3
W001 L14: Scenario at line 6 has multiple When steps
S004 L15: Line 15: Expected indent 2, got 3
W001 L15: Scenario at line 6 has multiple When steps
S004 L16: Line 16: Expected indent 2, got 3
W001 L16: Scenario at line 6 has multiple When steps
S004 L17: Line 17: Expected indent 2, got 3
S004 L18: Line 18: Expected indent 2, got 3
S004 L19: Line 19: Expected indent 2, got 3
S004 L20: Line 20: Expected indent 2, got 3
S004 L22: Line 22: Scenario should not be indented
W006 L22: Scenario ""Scenario #29_1"" has 12 steps (> 10)
S004 L25: Line 25: Expected indent 2, got 3
S004 L26: Line 26: Expected indent 2, got 3
S004 L27: Line 27: Expected indent 2, got 3
S004 L28: Line 28: Expected indent 2, got 3
S004 L29: Line 29: Expected indent 2, got 3
S004 L30: Line 30: Expected indent 2, got 3
W001 L30: Scenario at line 22 has multiple When steps
S004 L31: Line 31: Expected indent 2, got 3
W001 L31: Scenario at line 22 has multiple When steps
S004 L32: Line 32: Expected indent 2, got 3
W001 L32: Scenario at line 22 has multiple When steps
S004 L33: Line 33: Expected indent 2, got 3
S004 L34: Line 34: Expected indent 2, got 3
S004 L35: Line 35: Expected indent 2, got 3
S004 L36: Line 36: Expected indent 2, got 3
S004 L38: Line 38: Scenario should not be indented
W006 L38: Scenario ""Scenario #29_2"" has 12 steps (> 10)
S004 L41: Line 41: Expected indent 2, got 3
S004 L42: Line 42: Expected indent 2, got 3
S004 L43: Line 43: Expected indent 2, got 3
S004 L44: Line 44: Expected indent 2, got 3
S004 L45: Line 45: Expected indent 2, got 3
S004 L46: Line 46: Expected indent 2, got 3
W001 L46: Scenario at line 38 has multiple When steps
S004 L47: Line 47: Expected indent 2, got 3
W001 L47: Scenario at line 38 has multiple When steps
S004 L48: Line 48: Expected indent 2, got 3
W001 L48: Scenario at line 38 has multiple When steps
S004 L49: Line 49: Expected indent 2, got 3
S004 L50: Line 50: Expected indent 2, got 3
S004 L51: Line 51: Expected indent 2, got 3
S004 L52: Line 52: Expected indent 2, got 3
S004 L54: Line 54: Scenario should not be indented
W006 L54: Scenario ""Scenario #29_3"" has 12 steps (> 10)
S004 L57: Line 57: Expected indent 2, got 3
S004 L58: Line 58: Expected indent 2, got 3
S004 L59: Line 59: Expected indent 2, got 3
S004 L60: Line 60: Expected indent 2, got 3
S004 L61: Line 61: Expected indent 2, got 3
S004 L62: Line 62: Expected indent 2, got 3
W001 L62: Scenario at line 54 has multiple When steps
S004 L63: Line 63: Expected indent 2, got 3
W001 L63: Scenario at line 54 has multiple When steps
S004 L64: Line 64: Expected indent 2, got 3
W001 L64: Scenario at line 54 has multiple When steps
S004 L65: Line 65: Expected indent 2, got 3
S004 L66: Line 66: Expected indent 2, got 3
S004 L67: Line 67: Expected indent 2, got 3
S004 L68: Line 68: Expected indent 2, got 3
S004 L70: Line 70: Scenario should not be indented
W006 L70: Scenario ""Scenario #29_4"" has 12 steps (> 10)
S004 L73: Line 73: Expected indent 2, got 3
S004 L74: Line 74: Expected indent 2, got 3
S004 L75: Line 75: Expected indent 2, got 3
S004 L76: Line 76: Expected indent 2, got 3
S004 L77: Line 77: Expected indent 2, got 3
S004 L78: Line 78: Expected indent 2, got 3
W001 L78: Scenario at line 70 has multiple When steps
S004 L79: Line 79: Expected indent 2, got 3
W001 L79: Scenario at line 70 has multiple When steps
S004 L80: Line 80: Expected indent 2, got 3
W001 L80: Scenario at line 70 has multiple When steps
S004 L81: Line 81: Expected indent 2, got 3
S004 L82: Line 82: Expected indent 2, got 3
S004 L83: Line 83: Expected indent 2, got 3
S004 L84: Line 84: Expected indent 2, got 3
S004 L86: Line 86: Scenario should not be indented
W006 L86: Scenario ""Scenario #29_5"" has 12 steps (> 10)
S004 L89: Line 89: Expected indent 2, got 3
S004 L90: Line 90: Expected indent 2, got 3
S004 L91: Line 91: Expected indent 2, got 3
S004 L92: Line 92: Expected indent 2, got 3
S004 L93: Line 93: Expected indent 2, got 3
S004 L94: Line 94: Expected indent 2, got 3
W001 L94: Scenario at line 86 has multiple When steps
S004 L95: Line 95: Expected indent 2, got 3
W001 L95: Scenario at line 86 has multiple When steps
S004 L96: Line 96: Expected indent 2, got 3
W001 L96: Scenario at line 86 has multiple When steps
S004 L97: Line 97: Expected indent 2, got 3
S004 L98: Line 98: Expected indent 2, got 3
S004 L99: Line 99: Expected indent 2, got 3
S004 L100: Line 100: Expected indent 2, got 3
S004 L102: Line 102: Scenario should not be indented
W006 L102: Scenario ""Scenario #29_6"" has 12 steps (> 10)
S004 L105: Line 105: Expected indent 2, got 3
S004 L106: Line 106: Expected indent 2, got 3
S004 L107: Line 107: Expected indent 2, got 3
S004 L108: Line 108: Expected indent 2, got 3
S004 L109: Line 109: Expected indent 2, got 3
S004 L110: Line 110: Expected indent 2, got 3
W001 L110: Scenario at line 102 has multiple When steps
S004 L111: Line 111: Expected indent 2, got 3
W001 L111: Scenario at line 102 has multiple When steps
S004 L112: Line 112: Expected indent 2, got 3
W001 L112: Scenario at line 102 has multiple When steps
S004 L113: Line 113: Expected indent 2, got 3
S004 L114: Line 114: Expected indent 2, got 3
S004 L115: Line 115: Expected indent 2, got 3
S004 L116: Line 116: Expected indent 2, got 3
S004 L118: Line 118: Scenario should not be indented
W006 L118: Scenario ""Scenario #29_7"" has 12 steps (> 10)
S004 L121: Line 121: Expected indent 2, got 3
S004 L122: Line 122: Expected indent 2, got 3
S004 L123: Line 123: Expected indent 2, got 3
S004 L124: Line 124: Expected indent 2, got 3
S004 L125: Line 125: Expected indent 2, got 3
S004 L126: Line 126: Expected indent 2, got 3
W001 L126: Scenario at line 118 has multiple When steps
S004 L127: Line 127: Expected indent 2, got 3
W001 L127: Scenario at line 118 has multiple When steps
S004 L128: Line 128: Expected indent 2, got 3
W001 L128: Scenario at line 118 has multiple When steps
S004 L129: Line 129: Expected indent 2, got 3
S004 L130: Line 130: Expected indent 2, got 3
S004 L131: Line 131: Expected indent 2, got 3
S004 L132: Line 132: Expected indent 2, got 3
S004 L134: Line 134: Scenario should not be indented
W006 L134: Scenario ""Scenario #29_8"" has 12 steps (> 10)
S004 L137: Line 137: Expected indent 2, got 3
S004 L138: Line 138: Expected indent 2, got 3
S004 L139: Line 139: Expected indent 2, got 3
S004 L140: Line 140: Expected indent 2, got 3
S004 L141: Line 141: Expected indent 2, got 3
S004 L142: Line 142: Expected indent 2, got 3
W001 L142: Scenario at line 134 has multiple When steps
S004 L143: Line 143: Expected indent 2, got 3
W001 L143: Scenario at line 134 has multiple When steps
S004 L144: Line 144: Expected indent 2, got 3
W001 L144: Scenario at line 134 has multiple When steps
S004 L145: Line 145: Expected indent 2, got 3
S004 L146: Line 146: Expected indent 2, got 3
S004 L147: Line 147: Expected indent 2, got 3
S004 L148: Line 148: Expected indent 2, got 3
S004 L150: Line 150: Scenario should not be indented
S004 L153: Line 153: Expected indent 2, got 3
S004 L154: Line 154: Expected indent 2, got 3
S004 L155: Line 155: Expected indent 2, got 3
S004 L156: Line 156: Expected indent 2, got 3
S004 L157: Line 157: Expected indent 2, got 3
S004 L158: Line 158: Expected indent 2, got 3
W001 L158: Scenario at line 150 has multiple When steps
S004 L159: Line 159: Expected indent 2, got 3
W001 L159: Scenario at line 150 has multiple When steps
S004 L160: Line 160: Expected indent 2, got 3
W001 L160: Scenario at line 150 has multiple When steps
S004 L161: Line 161: Expected indent 2, got 3
S004 L162: Line 162: Expected indent 2, got 3
S004 L163: Line 163: Expected indent 2, got 3
S004 L164: Line 164: Expected indent 2, got 3",172,"0      File names should be written in kebab-case e.g. ""feature-29.feature""    file-name
12     Scenario ""Scenario #29_0"" contains 4 When statements (max 1)            only-one-when
28     Scenario ""Scenario #29_1"" contains 4 When statements (max 1)            only-one-when
44     Scenario ""Scenario #29_2"" contains 4 When statements (max 1)            only-one-when
60     Scenario ""Scenario #29_3"" contains 4 When statements (max 1)            only-one-when
76     Scenario ""Scenario #29_4"" contains 4 When statements (max 1)            only-one-when
92     Scenario ""Scenario #29_5"" contains 4 When statements (max 1)            only-one-when
108    Scenario ""Scenario #29_6"" contains 4 When statements (max 1)            only-one-when
124    Scenario ""Scenario #29_7"" contains 4 When statements (max 1)            only-one-when
140    Scenario ""Scenario #29_8"" contains 4 When statements (max 1)            only-one-when
156    Scenario ""Scenario #29_9"" contains 4 When statements (max 1)            only-one-when",11,"FeatureFileWithMismatchedNameLinter
  Feature file name does not match feature name.
    /home/vaishnavkoka/RE4BDD/UnifiedBDDLinter-Artifact/artifacts/runs/full-2026-09-09/fixed/github-global-search/reqnroll-Reqnroll.ExploratoryTestProjects/BigReqnrollProject/AvgReqnrollProject/Features/feature_29.feature
TestShouldUseBackgroundLinter
  Test shares steps with all other tests in feature. Use a background.
    /home/vaishnavkoka/RE4BDD/UnifiedBDDLinter-Artifact/artifacts/runs/full-2026-09-09/fixed/github-global-search/reqnroll-Reqnroll.ExploratoryTestProjects/BigReqnrollProject/AvgReqnrollProject/Features/feature_29.feature:4
    /home/vaishnavkoka/RE4BDD/UnifiedBDDLinter-Artifact/artifacts/runs/full-2026-09-09/fixed/github-global-search/reqnroll-Reqnroll.ExploratoryTestProjects/BigReqnrollProject/AvgReqnrollProject/Features/feature_29.feature:20
    /home/vaishnavkoka/RE4BDD/UnifiedBDDLinter-Artifact/artifacts/runs/full-2026-09-09/fixed/github-global-search/reqnroll-Reqnroll.ExploratoryTestProjects/BigReqnrollProject/AvgReqnrollProject/Features/feature_29.feature:36
    /home/vaishnavkoka/RE4BDD/UnifiedBDDLinter-Artifact/artifacts/runs/full-2026-09-09/fixed/github-global-search/reqnroll-Reqnroll.ExploratoryTestProjects/BigReqnrollProject/AvgReqnrollProject/Features/feature_29.feature:52
    /home/vaishnavkoka/RE4BDD/UnifiedBDDLinter-Artifact/artifacts/runs/full-2026-09-09/fixed/github-global-search/reqnroll-Reqnroll.ExploratoryTestProjects/BigReqnrollProject/AvgReqnrollProject/Features/feature_29.feature:68
    /home/vaishnavkoka/RE4BDD/UnifiedBDDLinter-Artifact/artifacts/runs/full-2026-09-09/fixed/github-global-search/reqnroll-Reqnroll.ExploratoryTestProjects/BigReqnrollProject/AvgReqnrollProject/Features/feature_29.feature:84
    /home/vaishnavkoka/RE4BDD/UnifiedBDDLinter-Artifact/artifacts/runs/full-2026-09-09/fixed/github-global-search/reqnroll-Reqnroll.ExploratoryTestProjects/BigReqnrollProject/AvgReqnrollProject/Features/feature_29.feature:100
    /home/vaishnavkoka/RE4BDD/UnifiedBDDLinter-Artifact/artifacts/runs/full-2026-09-09/fixed/github-global-search/reqnroll-Reqnroll.ExploratoryTestProjects/BigReqnrollProject/AvgReqnrollProject/Features/feature_29.feature:116
    /home/vaishnavkoka/RE4BDD/UnifiedBDDLinter-Artifact/artifacts/runs/full-2026-09-09/fixed/github-global-search/reqnroll-Reqnroll.ExploratoryTestProjects/BigReqnrollProject/AvgReqnrollProject/Features/feature_29.feature:132
    /home/vaishnavkoka/RE4BDD/UnifiedBDDLinter-Artifact/artifacts/runs/full-2026-09-09/fixed/github-global-search/reqnroll-Reqnroll.ExploratoryTestProjects/BigReqnrollProject/AvgReqnrollProject/Features/feature_29.feature:148
TestWithTooManyStepsLinter
  Test has too many steps. 12 steps found (max 10).
    /home/vaishnavkoka/RE4BDD/UnifiedBDDLinter-Artifact/artifacts/runs/full-2026-09-09/fixed/github-global-search/reqnroll-Reqnroll.ExploratoryTestProjects/BigReqnrollProject/AvgReqnrollProject/Features/feature_29.feature:4
    /home/vaishnavkoka/RE4BDD/UnifiedBDDLinter-Artifact/artifacts/runs/full-2026-09-09/fixed/github-global-search/reqnroll-Reqnroll.ExploratoryTestProjects/BigReqnrollProject/AvgReqnrollProject/Features/feature_29.feature:20
    /home/vaishnavkoka/RE4BDD/UnifiedBDDLinter-Artifact/artifacts/runs/full-2026-09-09/fixed/github-global-search/reqnroll-Reqnroll.ExploratoryTestProjects/BigReqnrollProject/AvgReqnrollProject/Features/feature_29.feature:36
    /home/vaishnavkoka/RE4BDD/UnifiedBDDLinter-Artifact/artifacts/runs/full-2026-09-09/fixed/github-global-search/reqnroll-Reqnroll.ExploratoryTestProjects/BigReqnrollProject/AvgReqnrollProject/Features/feature_29.feature:52
    /home/vaishnavkoka/RE4BDD/UnifiedBDDLinter-Artifact/artifacts/runs/full-2026-09-09/fixed/github-global-search/reqnroll-Reqnroll.ExploratoryTestProjects/BigReqnrollProject/AvgReqnrollProject/Features/feature_29.feature:68
    /home/vaishnavkoka/RE4BDD/UnifiedBDDLinter-Artifact/artifacts/runs/full-2026-09-09/fixed/github-global-search/reqnroll-Reqnroll.ExploratoryTestProjects/BigReqnrollProject/AvgReqnrollProject/Features/feature_29.feature:84
    /home/vaishnavkoka/RE4BDD/UnifiedBDDLinter-Artifact/artifacts/runs/full-2026-09-09/fixed/github-global-search/reqnroll-Reqnroll.ExploratoryTestProjects/BigReqnrollProject/AvgReqnrollProject/Features/feature_29.feature:100
    /home/vaishnavkoka/RE4BDD/UnifiedBDDLinter-Artifact/artifacts/runs/full-2026-09-09/fixed/github-global-search/reqnroll-Reqnroll.ExploratoryTestProjects/BigReqnrollProject/AvgReqnrollProject/Features/feature_29.feature:116
    /home/vaishnavkoka/RE4BDD/UnifiedBDDLinter-Artifact/artifacts/runs/full-2026-09-09/fixed/github-global-search/reqnroll-Reqnroll.ExploratoryTestProjects/BigReqnrollProject/AvgReqnrollProject/Features/feature_29.feature:132
    /home/vaishnavkoka/RE4BDD/UnifiedBDDLinter-Artifact/artifacts/runs/full-2026-09-09/fixed/github-global-search/reqnroll-Reqnroll.ExploratoryTestProjects/BigReqnrollProject/AvgReqnrollProject/Features/feature_29.feature:148",21,"W006 L4: Scenario ""Scenario #29_0"" has 12 steps (> 10)
W001 L12: Scenario at line 4 has multiple When steps
W001 L13: Scenario at line 4 has multiple When steps
W001 L14: Scenario at line 4 has multiple When steps
W006 L20: Scenario ""Scenario #29_1"" has 12 steps (> 10)
W001 L28: Scenario at line 20 has multiple When steps
W001 L29: Scenario at line 20 has multiple When steps
W001 L30: Scenario at line 20 has multiple When steps
W006 L36: Scenario ""Scenario #29_2"" has 12 steps (> 10)
W001 L44: Scenario at line 36 has multiple When steps
W001 L45: Scenario at line 36 has multiple When steps
W001 L46: Scenario at line 36 has multiple When steps
W006 L52: Scenario ""Scenario #29_3"" has 12 steps (> 10)
W001 L60: Scenario at line 52 has multiple When steps
W001 L61: Scenario at line 52 has multiple When steps
W001 L62: Scenario at line 52 has multiple When steps
W006 L68: Scenario ""Scenario #29_4"" has 12 steps (> 10)
W001 L76: Scenario at line 68 has multiple When steps
W001 L77: Scenario at line 68 has multiple When steps
W001 L78: Scenario at line 68 has multiple When steps
W006 L84: Scenario ""Scenario #29_5"" has 12 steps (> 10)
W001 L92: Scenario at line 84 has multiple When steps
W001 L93: Scenario at line 84 has multiple When steps
W001 L94: Scenario at line 84 has multiple When steps
W006 L100: Scenario ""Scenario #29_6"" has 12 steps (> 10)
W001 L108: Scenario at line 100 has multiple When steps
W001 L109: Scenario at line 100 has multiple When steps
W001 L110: Scenario at line 100 has multiple When steps
W006 L116: Scenario ""Scenario #29_7"" has 12 steps (> 10)
W001 L124: Scenario at line 116 has multiple When steps
W001 L125: Scenario at line 116 has multiple When steps
W001 L126: Scenario at line 116 has multiple When steps
W006 L132: Scenario ""Scenario #29_8"" has 12 steps (> 10)
W001 L140: Scenario at line 132 has multiple When steps
W001 L141: Scenario at line 132 has multiple When steps
W001 L142: Scenario at line 132 has multiple When steps
W001 L156: Scenario at line 148 has multiple When steps
W001 L157: Scenario at line 148 has multiple When steps
W001 L158: Scenario at line 148 has multiple When steps",39,132,1
